reviewed,word
а҆.а.рѡ́-на,а҆.а.рѡ́-на
а҆.а.рѡ̑-ни,а҆.а.рѡ̑-ни
а҆.а.рѡ́-новъ,а҆.а.рѡ́-новъ
а҆.а.рѡ́-нꙋ,а҆.а.рѡ́-нꙋ
а҆.а.рѡ́нъ,а҆.а.рѡ́нъ
а҆.в*ді́й,а҆.в*ді́й
а҆.в*до́нъ,а҆.в*до́нъ
а҆-вес.са-лѡ́мъ,а҆-вес.са-лѡ́мъ
а҆.ві́въ,а҆.ві́въ
а҆.вї-ме-ле́хъ,а҆.вї-ме-ле́хъ
а҆.вꙋ-ді́мъ,а҆.вꙋ-ді́мъ
а҆.вѵ́пъ,а҆.вѵ́пъ
а҆-га-ѳо.дѡ́ръ,а҆-га-ѳо.дѡ́ръ
а҆-га-ѳо.клі́-а,а҆-га-ѳо.клі́-а
а҆-га-ѳо.ні́-ка,а҆-га-ѳо.ні́-ка
а҆-га-ѳо.ні́къ,а҆-га-ѳо.ні́къ
а҆-га-ѳо.по́дъ,а҆-га-ѳо.по́дъ
а҆.гге́й,а҆.гге́й
а҆.ггі́й,а҆.ггі́й
а҆*г.кѵ́-рꙋ,а҆*г.кѵ́-рꙋ
а҆-гла́.їй,а҆-гла́.їй
а҆́.гнецъ,а҆́.гнецъ
а҆́.гни-ца,а҆́.гни-ца
а҆́гн.ца,а҆́гн.ца
а҆́гн.цєвъ,а҆́гн.цєвъ
а҆́гн.цꙋ,а҆́гн.цꙋ
а҆́гн.цы,а҆́гн.цы
а҆́гн.че,а҆́гн.че
а҆.да-ма́н-та,а҆.да-ма́н-та
а҆́д.стї-и,а҆́д.стї-и
а҆.ї-ѳа́лъ,а҆.ї-ѳа́лъ
а҆-ке.ѱі́й,а҆-ке.ѱі́й
а҆-ке.ѱі́мъ,а҆-ке.ѱі́мъ
а҆-кта́.ꙋ,а҆-кта́.ꙋ
а҆-кꙋ.ті́.ѡнъ,а҆-кꙋ.ті́.ѡнъ
а҆-ле-ѯа́н.дра,а҆-ле-ѯа́н.дра
а҆-ле-ѯа́н.дре,а҆-ле-ѯа́н.дре
а҆-ле-ѯан.дрі́й-ска-гѡ,а҆-ле-ѯан.дрі́й-ска-гѡ
а҆-ле-ѯа́н.дро-ви-ча,а҆-ле-ѯа́н.дро-ви-ча
а҆-ле-ѯа́н.дро-ви-чꙋ,а҆-ле-ѯа́н.дро-ви-чꙋ
а҆-ле-ѯа́н.дро-ви-чѣ,а҆-ле-ѯа́н.дро-ви-чѣ
а҆-ле-ѯа́н.дрꙋ,а҆-ле-ѯа́н.дрꙋ
а҆-ле-ѯа́н.дрѣ,а҆-ле-ѯа́н.дрѣ
а҆л-ли.лꙋ́-ї-а,а҆л-ли.лꙋ́-ї-а
а҆-на.ста-сі́-а,а҆-на.ста-сі́-а
а҆-на.ста-сі́-е,а҆-на.ста-сі́-е
а҆-на.ста́-сїй,а҆-на.ста́-сїй
а҆-на.то́-лї-а,а҆-на.то́-лї-а
а҆-на.то́-лї-е-во,а҆-на.то́-лї-е-во
а҆-на.то́-лї-евъ,а҆-на.то́-лї-евъ
а҆-на.то́-лї-е-вы,а҆-на.то́-лї-е-вы
а҆-на.тѡ́-лї-е-вы,а҆-на.тѡ́-лї-е-вы
а҆-на.то́-лїй,а҆-на.то́-лїй
а҆н.д*ре́-а,а҆н.д*ре́-а
а҆н.д*ре́-е,а҆н.д*ре́-е
а҆н.дре́й,а҆н.дре́й
а҆н.д*ре́-ю,а҆н.д*ре́-ю
а҆н.дро-ні́-ка,а҆н.дро-ні́-ка
а҆н.дро-ні́къ,а҆н.дро-ні́къ
а҆н.дро-ні́-че,а҆н.дро-ні́-че
а҆н-тї.о́хъ,а҆н-тї.о́хъ
а҆н-тѡ.ні́-на,а҆н-тѡ.ні́-на
а҆н.ѳи́.са,а҆н.ѳи́.са
а҆н.ѳі́-а,а҆н.ѳі́-а
а҆н.ѳі́мъ,а҆н.ѳі́мъ
а҆н.ѳꙋ́-са,а҆н.ѳꙋ́-са
а҆-н*ѵ́.сї-а,а҆-н*ѵ́.сї-а
а҆-пол-лѡ́.нїй,а҆-пол-лѡ́.нїй
а҆-по́-сто.лѡвъ,а҆-по́-сто.лѡвъ
а҆-по́-сто.лы,а҆-по́-сто.лы
а҆*пⷬ҇,а҆*пⷬ҇
а҆-ра.ві́й-ска-ѧ,а҆-ра.ві́й-ска-ѧ
а҆-ра.ві́й-стї-и,а҆-ра.ві́й-стї-и
а҆.рї-а́.д*на,а҆.рї-а́.д*на
а҆.рї-ста́рхъ,а҆.рї-ста́рхъ
а҆.рї-стї-ѡ́нъ,а҆.рї-стї-ѡ́нъ
а҆.рї-сто-вꙋ́лъ,а҆.рї-сто-вꙋ́лъ
а҆.рї-сто-клі́й,а҆.рї-сто-клі́й
а҆́р.тосъ,а҆́р.тосъ
а҆р-х*а́гг҃ла,а҆р-х*а́гг҃ла
а҆р-х*а́гг҃ле,а҆р-х*а́гг҃ле
а҆р-х*а́гг҃ли,а҆р-х*а́гг҃ли
а҆р-х*а́гг҃лѡвъ,а҆р-х*а́гг҃лѡвъ
а҆р-х*а́гг҃лъ,а҆р-х*а́гг҃лъ
а҆р-х*а́гг҃лы,а҆р-х*а́гг҃лы
а҆р-хї-ман.дрі́-та,а҆р-хї-ман.дрі́-та
а҆-скли-пї-о.до́-та,а҆-скли-пї-о.до́-та
а҆-склї.а́-да,а҆-склї.а́-да
а҆-склї.пї-о.до́тъ,а҆-склї.пї-о.до́тъ
а҆с.сѷ-рі́й-ска,а҆с.сѷ-рі́й-ска
а҆с.сѷ-рі́й-скїй,а҆с.сѷ-рі́й-скїй
а҆-сѷг.крі́тъ,а҆-сѷг.крі́тъ
а҆.тлан-ті́-че-ско-е,а҆.тлан-ті́-че-ско-е
а҆*т.ті́къ,а҆*т.ті́къ
а҆*ф-ѳо́-нїй,а҆*ф-ѳо́-нїй
а҆ѵ-дї.е́съ,а҆ѵ-дї.е́съ
а҆ѵ.ѯе́н-тї-а,а҆ѵ.ѯе́н-тї-а
а҆ѵ.ѯе́н-тїй,а҆ѵ.ѯе́н-тїй
бг҃о.ви-дѣ́-нї-ѧ,бг҃о.ви-дѣ́-нї-ѧ
бг҃о-дох.но-ве́н-не,бг҃о-дох.но-ве́н-не
бг҃о.мт҃и,бг҃о.мт҃и
бг҃о.мт҃ре,бг҃о.мт҃ре
бг҃о.мт҃рь,бг҃о.мт҃рь
бг҃о-но́*с.нї-и,бг҃о-но́*с.нї-и
бг҃о-нѡ́*с-ны-ѧ,бг҃о-нѡ́*с-ны-ѧ
б*ди́-те,б*ди́-те
б*цⷣа,б*цⷣа
б*цⷣе,б*цⷣе
б*цⷣе-ю,б*цⷣе-ю
б*цⷣꙋ,б*цⷣꙋ
б*цⷣы,б*цⷣы
б*цⷣѣ,б*цⷣѣ
б*чⷣенъ,б*чⷣенъ
без-бо.лѣ́з.нен-нѡ,без-бо.лѣ́з.нен-нѡ
без.ꙋ́м-но-е,без.ꙋ́м-но-е
без.ꙋ́м-ныхъ,без.ꙋ́м-ныхъ
без-чи́*с.лен-нѡ,без-чи́*с.лен-нѡ
без-чи́*с.лєн-нымъ,без-чи́*с.лєн-нымъ
бе́з.дна,бе́з.дна
бе́з.дны,бе́з.дны
бє́з.дны,бє́з.дны
бе́з.днѣ,бе́з.днѣ
без-мо́л*в.но-е,без-мо́л*в.но-е
без-мо́лв.ство-ва-ти,без-мо́лв.ство-ва-ти
без-сре́-брє-ни.цы,без-сре́-брє-ни.цы
без.ꙋ́-менъ,без.ꙋ́-менъ
без.ꙋ́-мї-е,без.ꙋ́-мї-е
без.ꙋ́-мї-ѧ,без.ꙋ́-мї-ѧ
без.ꙋ́м-на-гѡ,без.ꙋ́м-на-гѡ
без.ꙋ́м-нї-и,без.ꙋ́м-нї-и
без.ꙋ́м-нѡ,без.ꙋ́м-нѡ
без.ꙋ́м-ный,без.ꙋ́м-ный
без.ꙋ̑м-ны-ѧ,без.ꙋ̑м-ны-ѧ
без-чи́*с.лєн-на-ѧ,без-чи́*с.лєн-на-ѧ
без-чи́*с.лен-ныхъ,без-чи́*с.лен-ныхъ
би*ш.ке́къ,би*ш.ке́къ
б*ла-га̀,б*ла-га̀
б*ла-га́-гѡ,б*ла-га́-гѡ
б*ла-га́-ѧ,б*ла-га́-ѧ
б*ла-гі́й,б*ла-гі́й
бла-го-вѣ́.щє-нї-ѧ,бла-го-вѣ́.щє-нї-ѧ
бла-го-сло*в-лѧ́-хꙋ,бла-го-сло*в-лѧ́-хꙋ
бла-го-ꙋ.вѣ́т-ли-ва,бла-го-ꙋ.вѣ́т-ли-ва
бла-го.ѹ҆-тро́б-не,бла-го.ѹ҆-тро́б-не
бла-го.ѹ-ха́н-ный,бла-го.ѹ-ха́н-ный
бла-го-вѣ́.ще-нї-е,бла-го-вѣ́.ще-нї-е
бла-го-сло*в.лю̀,бла-го-сло*в.лю̀
бл҃го-вѣ́.ще-нї-е,бл҃го-вѣ́.ще-нї-е
бл҃го-вѣ́.ще-нї-ѧ,бл҃го-вѣ́.ще-нї-ѧ
бл҃го-ѡ*б-ра́з-ный,бл҃го-ѡ*б-ра́з-ный
бл҃го-ра*ст.во-ре́-нї-е,бл҃го-ра*ст.во-ре́-нї-е
бл҃го-сло*в-лю́,бл҃го-сло*в-лю́
бл҃го-сло*в.лю̀,бл҃го-сло*в.лю̀
бл҃го-сло*в-лѧ́-етъ,бл҃го-сло*в-лѧ́-етъ
бл҃го-сло*в-лѧ́-хꙋ,бл҃го-сло*в-лѧ́-хꙋ
бл҃го-сло*в-лѧ́-ѧй,бл҃го-сло*в-лѧ́-ѧй
бли́ж.не.мꙋ,бли́ж.не.мꙋ
б*лꙋ́д-на-го,б*лꙋ́д-на-го
блꙋ*д-ни́-ца,блꙋ*д-ни́-ца
блꙋ*д-ни́-цꙋ,блꙋ*д-ни́-цꙋ
блꙋ*д-ни́-цы,блꙋ*д-ни́-цы
блꙋ*д-ни́-цѣ,блꙋ*д-ни́-цѣ
б*лꙋ́д-нѡ,б*лꙋ́д-нѡ
б*лꙋ́д-ный,б*лꙋ́д-ный
б*лꙋ́дъ,б*лꙋ́дъ
бо-го-до.хно-ве́н-но-ю,бо-го-до.хно-ве́н-но-ю
бо-го-ме́рз.ско-е,бо-го-ме́рз.ско-е
бо-го-мꙋ́*д.рї-и,бо-го-мꙋ́*д.рї-и
бо-го-но́*с.нї-и,бо-го-но́*с.нї-и
бо-лѣ́.зней,бо-лѣ́.зней
бо-лѣ́.знемъ,бо-лѣ́.знемъ
бо-лѣ́.знен-нѡ,бо-лѣ́.знен-нѡ
бо-лѣ́.знен-ны-ѧ,бо-лѣ́.знен-ны-ѧ
бо-лѣ́.знехъ,бо-лѣ́.знехъ
бо-лѣ̑.з*ни,бо-лѣ̑.з*ни
бор.ца̀,бор.ца̀
бо-ѧ́.з*ни,бо-ѧ́.з*ни
бра*з.ды̑,бра*з.ды̑
бра́.нехъ,бра́.нехъ
бꙋ́-де.та,бꙋ́-де.та
бꙋ́-де.те,бꙋ́-де.те
бꙋ́.дꙋ-ща-гѡ,бꙋ́.дꙋ-ща-гѡ
бꙋ̑.дꙋ-ща-ѧ,бꙋ̑.дꙋ-ща-ѧ
бꙋ́.дꙋ-ще-е,бꙋ́.дꙋ-ще-е
бꙋ́.дꙋ-щемъ,бꙋ́.дꙋ-щемъ
бꙋ́.дꙋ-щихъ,бꙋ́.дꙋ-щихъ
бꙋ́.дꙋ-щї-ѧ,бꙋ́.дꙋ-щї-ѧ
бꙋ́.дꙋ-щꙋ-ю,бꙋ́.дꙋ-щꙋ-ю
бы́.вый,бы́.вый
бы́.хомъ,бы́.хомъ
бѣ.ды̑,бѣ.ды̑
ва.вѵ́-ла,ва.вѵ́-ла
ва.вѷ-лѡ́.на,ва.вѷ-лѡ́.на
ва.вѷ-лѡ́н-ска,ва.вѷ-лѡ́н-ска
ва.вѷ-лѡ́н-ска-ѧ,ва.вѷ-лѡ́н-ска-ѧ
ва.вѷ-лѡ́н-скихъ,ва.вѷ-лѡ́н-скихъ
ва.вѷ-лѡ́н-скїй,ва.вѷ-лѡ́н-скїй
ва.вѷ-лѡ́нъ,ва.вѷ-лѡ́нъ
ва.вѷ-лѡ́.нѣ,ва.вѷ-лѡ́.нѣ
ва.вѷ-лѡ́.нѧ,ва.вѷ-лѡ́.нѧ
ва́-ї.а-ми,ва́-ї.а-ми
ва́.їй,ва́.їй
ва́*кхъ,ва́*кхъ
ва́.птосъ,ва́.птосъ
вар.ла-а́-ма,вар.ла-а́-ма
вар.ла-а́-ме,вар.ла-а́-ме
вар.ла-а́мъ,вар.ла-а́мъ
вар-ѳо.ло-ме́-а,вар-ѳо.ло-ме́-а
вар-ѳо.ло-ме́-е,вар-ѳо.ло-ме́-е
вар-ѳо.ло-ме́й,вар-ѳо.ло-ме́й
ва.рѷ-ѱа́въ,ва.рѷ-ѱа́въ
вас.сї.а́нъ,вас.сї.а́нъ
ва.х*ті́-сїй,ва.х*ті́-сїй
в*ве-дѐ,в*ве-дѐ
в*ве-де́-нї-ю,в*ве-де́-нї-ю
в*ве-де́тъ,в*ве-де́тъ
в*ве-дѝ,в*ве-дѝ
в*ве-ды́й,в*ве-ды́й
в*ве-дѣ́-нї-ю,в*ве-дѣ́-нї-ю
в*ве́лъ,в*ве́лъ
в*вер-го́-хомъ,в*вер-го́-хомъ
в*вер-го́-ша,в*вер-го́-ша
в*ве́р-же,в*ве́р-же
в*ве́р-же-ни,в*ве́р-же-ни
в*ве́р-жен-нымъ,в*ве́р-жен-нымъ
в*ве́р-женъ,в*ве́р-женъ
в*ве́р-жє-нымъ,в*ве́р-жє-нымъ
в*ве-стѝ,в*ве-стѝ
в*во́-дит-сѧ,в*во́-дит-сѧ
в*во́-дитъ,в*во́-дитъ
в*во́-дѧтъ,в*во́-дѧтъ
в*во-дѧ̑-ща-ѧ,в*во-дѧ̑-ща-ѧ
в*до-ви́-ца,в*до-ви́-ца
в*до-ви́-цамъ,в*до-ви́-цамъ
в*до-ви́-цꙋ,в*до-ви́-цꙋ
в*до-ви́цъ,в*до-ви́цъ
в*до-ви̑-цы,в*до-ви̑-цы
в*дѡ́въ,в*дѡ́въ
ве.ле.гла́с-нѡ,ве.ле.гла́с-нѡ
ве-ли́-ки.ми,ве-ли́-ки.ми
ве.ли-ча́-ва-го,ве.ли-ча́-ва-го
ве.ли-ча́-емъ,ве.ли-ча́-емъ
ве.ли-ча́-ет-сѧ,ве.ли-ча́-ет-сѧ
ве.ли-ча́-етъ,ве.ли-ча́-етъ
ве.ли-ча́й,ве.ли-ча́й
ве.ли-ча́й-шїй,ве.ли-ча́й-шїй
ве.ли-ча́-нї-е,ве.ли-ча́-нї-е
ве.ли-ча́-ти,ве.ли-ча́-ти
ве.ли-ча́-ю,ве.ли-ча́-ю
ве.ли-ча́-ютъ,ве.ли-ча́-ютъ
ве.ли-ча́-ю-ще,ве.ли-ча́-ю-ще
ве.ли-ча́-ю-щихъ,ве.ли-ча́-ю-щихъ
ве.ли-ча́-ю-щымъ,ве.ли-ча́-ю-щымъ
ве.ли-ча́-ю-щы-ѧ,ве.ли-ча́-ю-щы-ѧ
ве.ли-ча́-ѧ,ве.ли-ча́-ѧ
ве-ли̑.чї-ѧ,ве-ли̑.чї-ѧ
ве-нї.а-ми́нъ,ве-нї.а-ми́нъ
ве.рє.ѝ,ве.рє.ѝ
весь.ма̀,весь.ма̀
ве́т-хо.мꙋ,ве́т-хо.мꙋ
ве́-че.рю,ве́-че.рю
ве́-че.рѧ,ве́-че.рѧ
в*же́гъ,в*же́гъ
в*жи-га́-ютъ,в*жи-га́-ютъ
вз*бра́н-ной,вз*бра́н-ной
вз*ѧ́лъ,вз*ѧ́лъ
вз*ѧ́-сте,вз*ѧ́-сте
ви́-дѣ.хомъ,ви́-дѣ.хомъ
ви́-си.ма,ви́-си.ма
вис.са-рї-ѡ́нъ,вис.са-рї-ѡ́нъ
ви.фле-е́-мѣ,ви.фле-е́-мѣ
ви.ѳле-е́-ма,ви.ѳле-е́-ма
ви.ѳле-е́-ме,ви.ѳле-е́-ме
ви.ѳле-е́м-стѣ,ви.ѳле-е́м-стѣ
ви.ѳле-е́мъ,ви.ѳле-е́мъ
ви.ѳле-е́-мѣ,ви.ѳле-е́-мѣ
вї.но-гра́-да,вї.но-гра́-да
вї.но-гра́дъ,вї.но-гра́дъ
вї.но-гра́-ды,вї.но-гра́-ды
вї.со-ко́съ,вї.со-ко́съ
в*кра́т.цѣ,в*кра́т.цѣ
в*кꙋ́-пѣ,в*кꙋ́-пѣ
вла-ди-во-сто́ц.ко-е,вла-ди-во-сто́ц.ко-е
вла-ды́ч-не.мꙋ,вла-ды́ч-не.мꙋ
влⷣч*ни,влⷣч*ни
влⷣч*нимъ,влⷣч*нимъ
в*ло-жѝ,в*ло-жѝ
в*ло-жи́въ,в*ло-жи́въ
в*ло-жи́-те,в*ло-жи́-те
вне-за́п.ны-ѧ,вне-за́п.ны-ѧ
в*не-млѝ,в*не-млѝ
в*не-мли́-те,в*не-мли́-те
в*не́-м*лю-щѣ,в*не́-м*лю-щѣ
вни́-де.те,вни́-де.те
в*нꙋтрь-ꙋ́-дꙋ,в*нꙋтрь-ꙋ́-дꙋ
в*нꙋ-шѝ,в*нꙋ-шѝ
в*нꙋ-ши́-вый,в*нꙋ-ши́-вый
в*нꙋ-ши́-те,в*нꙋ-ши́-те
внѣ.ꙋ́-дꙋ,внѣ.ꙋ́-дꙋ
во.дво.ри́л-сѧ,во.дво.ри́л-сѧ
во.дво.ри́т-сѧ,во.дво.ри́т-сѧ
во.дво.рѧ́-ет-сѧ,во.дво.рѧ́-ет-сѧ
во.дво.рѧ́-е-ши-сѧ,во.дво.рѧ́-е-ши-сѧ
во.дво.рѧ́т-сѧ,во.дво.рѧ́т-сѧ
во.дво.рѧ́-ѧ-сѧ,во.дво.рѧ́-ѧ-сѧ
во*д-но́-е,во*д-но́-е
воз-ве-се-ли́-х*ом-сѧ,воз-ве-се-ли́-х*ом-сѧ
воз.во-жꙋ̀,воз.во-жꙋ̀
воз.да́ждь,воз.да́ждь
воз.да́лъ,воз.да́лъ
воз.да́-си,воз.да́-си
воз.да́стъ,воз.да́стъ
воз.да́-ти,воз.да́-ти
воз.да́-ша,воз.да́-ша
воз-дви́*г.ла,воз-дви́*г.ла
воз.до.и́-ла,воз.до.и́-ла
воз.дꙋ́-сѣ,воз.дꙋ́-сѣ
воз.дꙋ́-ха,воз.дꙋ́-ха
воз.дꙋ́-хѡвъ,воз.дꙋ́-хѡвъ
воз.дꙋ́-хꙋ,воз.дꙋ́-хꙋ
воз.дꙋ́хъ,воз.дꙋ́хъ
воз-з*ва́-ша,воз-з*ва́-ша
воз-лю*б.ле́-нї-емъ,воз-лю*б.ле́-нї-емъ
воз-ме́з.дї-е,воз-ме́з.дї-е
во́з.метъ,во́з.метъ
во́з.ме-ши,во́з.ме-ши
во́з.мꙋт-сѧ,во́з.мꙋт-сѧ
во́з.мꙋтъ,во́з.мꙋтъ
воз-не*с.тѝ,воз-не*с.тѝ
во-зо.пѝ,во-зо.пѝ
во-зо.пи́въ,во-зо.пи́въ
во-зо.пи́лъ,во-зо.пи́лъ
во-зо.пи́хъ,во-зо.пи́хъ
во-зо.пи́-ша,во-зо.пи́-ша
во-зо.пї-е́мъ,во-зо.пї-е́мъ
во-зо.пї-е́тъ,во-зо.пї-е́тъ
во-зо.пі́й,во-зо.пі́й
во-зо.пї-и́мъ,во-зо.пї-и́мъ
во-зо.пі́й-те,во-зо.пі́й-те
во-зо.пї-ю̀,во-зо.пї-ю̀
во*з.ра́-до-ва-сѧ,во*з.ра́-до-ва-сѧ
во*з.ра́-до-ва-хом-сѧ,во*з.ра́-до-ва-хом-сѧ
во*з.ра́-до-ва-ша-сѧ,во*з.ра́-до-ва-ша-сѧ
во*з.ра́-дꙋ-ем-сѧ,во*з.ра́-дꙋ-ем-сѧ
во*з.ра́-дꙋ-е-та-сѧ,во*з.ра́-дꙋ-е-та-сѧ
во*з.ра́-дꙋ-ет-сѧ,во*з.ра́-дꙋ-ет-сѧ
во*з.ра́-дꙋ-ю-сѧ,во*з.ра́-дꙋ-ю-сѧ
во*з.ра́-дꙋ-ют-сѧ,во*з.ра́-дꙋ-ют-сѧ
во́*з.ра-ста,во́*з.ра-ста
во*з.ра-стѐ,во*з.ра-стѐ
во*з.ра-сти́в-ша-ѧ,во*з.ра-сти́в-ша-ѧ
во*з.ра-сти́в-шїй,во*з.ра-сти́в-шїй
во*з.ра-сти́лъ,во*з.ра-сти́лъ
во́*з.ра-стомъ,во́*з.ра-стомъ
во́*з.растъ,во́*з.растъ
во*з.ра-ща́-етъ,во*з.ра-ща́-етъ
воз-со.зда́в-ше-мꙋ,воз-со.зда́в-ше-мꙋ
воз-со.зда́-нї-е,воз-со.зда́-нї-е
во́-ин*ствъ,во́-ин*ствъ
во́л.ка,во́л.ка
во́л.ки,во́л.ки
во́л.нꙋ,во́л.нꙋ
во́л.ны,во́л.ны
во.лы̀,во.лы̀
во.о́зъ,во.о́зъ
во.пї-ю́,во.пї-ю́
во.пї-ю̀,во.пї-ю̀
во.пї-ю́тъ,во.пї-ю́тъ
во.пї-ю́.ща,во.пї-ю́.ща
во.пї-ю́.ща-гѡ,во.пї-ю́.ща-гѡ
во.пї-ю́.ще,во.пї-ю́.ще
во.пї-ю́.щи,во.пї-ю́.щи
во.пї-ю́.щи-ми,во.пї-ю́.щи-ми
во.пї-ю́.щихъ,во.пї-ю́.щихъ
во.пї-ю́.щꙋ,во.пї-ю́.щꙋ
во.пї-ю́.щымъ,во.пї-ю́.щымъ
во.пї-ю́.щы-ѧ,во.пї-ю́.щы-ѧ
во.пї-ю́.щѧ,во.пї-ю́.щѧ
во-скли́*к.немъ,во-скли́*к.немъ
во-скли́*к.ни-те,во-скли́*к.ни-те
во-склик.но-ве́-нї-и,во-склик.но-ве́-нї-и
во-спе.рѧ́-етъ,во-спе.рѧ́-етъ
во-спрї-ѧ́.тѣй,во-спрї-ѧ́.тѣй
во-сточ.но-а-ме-рї-ка́н-ско-е,во-сточ.но-а-ме-рї-ка́н-ско-е
во-сточ.но-єѵ-рѡ-пе́й-ско-е,во-сточ.но-єѵ-рѡ-пе́й-ско-е
во*ш.ла̀,во*ш.ла̀
в*па-де́тъ,в*па-де́тъ
в*па-до́хъ,в*па-до́хъ
в*па́д-сѧ,в*па́д-сѧ
в*па́дъ,в*па́дъ
в*пе-ри́въ,в*пе-ри́въ
в*пе-ри́лъ,в*пе-ри́лъ
в*прѧ́-мѡ,в*прѧ́-мѡ
вра-зꙋ*м.ле́-нї-е,вра-зꙋ*м.ле́-нї-е
вре́-мєн.на-ѧ,вре́-мєн.на-ѧ
врꙋ-цѣ.лѣ́-то,врꙋ-цѣ.лѣ́-то
в*са-дѝ,в*са-дѝ
в*са-ди́-ти,в*са-ди́-ти
в*са̑д-ни-ки,в*са̑д-ни-ки
все-ви́д.цꙋ,все-ви́д.цꙋ
все́-во.ло-да,все́-во.ло-да
все́-во.лодъ,все́-во.лодъ
в*се-дер-жи́-тель,в*се-дер-жи́-тель
в*се-дер-жи́-те-лю,в*се-дер-жи́-те-лю
в*се-дер-жи́-те-лѧ,в*се-дер-жи́-те-лѧ
в*се-дꙋ́ш-нѡ,в*се-дꙋ́ш-нѡ
в*се-дѣ́-тель-нꙋ-ю,в*се-дѣ́-тель-нꙋ-ю
в*се-дѣ́-тель-нымъ,в*се-дѣ́-тель-нымъ
в*се-дѣ́-тель-ны-ѧ,в*се-дѣ́-тель-ны-ѧ
в*се-дѣ́-те-лю,в*се-дѣ́-те-лю
в*се-дѣ́-те-лѧ,в*се-дѣ́-те-лѧ
все.з*ла-та́-ѧ,все.з*ла-та́-ѧ
все.з*ла-ты́й,все.з*ла-ты́й
в*се́й,в*се́й
все-ко.не́ч-нѡ,все-ко.не́ч-нѡ
в*се-ле́-нї-е,в*се-ле́-нї-е
в*се-ле́н-на-ѧ,в*се-ле́н-на-ѧ
в*се-ле́н-нꙋ-ю,в*се-ле́н-нꙋ-ю
в*се-ле́н-ны-ѧ,в*се-ле́н-ны-ѧ
в*се-ле́н-нѣй,в*се-ле́н-нѣй
в*се-ле́н-скихъ,в*се-ле́н-скихъ
в*се-лѝ,в*се-лѝ
в*се-ли́в-сѧ,в*се-ли́в-сѧ
в*се-ли́въ,в*се-ли́въ
в*се-ли́-вый-сѧ,в*се-ли́-вый-сѧ
в*се-ли́-ла,в*се-ли́-ла
в*се-ли́-ла-сѧ,в*се-ли́-ла-сѧ
в*се-ли́л-сѧ,в*се-ли́л-сѧ
в*се-ли́лъ,в*се-ли́лъ
в*се-ли́-сте-сѧ,в*се-ли́-сте-сѧ
в*се-ли́-сѧ,в*се-ли́-сѧ
в*се-ли́-ти-сѧ,в*се-ли́-ти-сѧ
в*се-ли́т-сѧ,в*се-ли́т-сѧ
в*се-ли́-ша-сѧ,в*се-ли́-ша-сѧ
в*се-лꙋ-ка́-вый,в*се-лꙋ-ка́-вый
в*се́ль-сѧ,в*се́ль-сѧ
в*се́ль-ша-го-сѧ,в*се́ль-ша-го-сѧ
в*се́ль-ша-сѧ,в*се́ль-ша-сѧ
в*се́ль-ша-ѧ-сѧ,в*се́ль-ша-ѧ-сѧ
в*се́ль-ше-е-сѧ,в*се́ль-ше-е-сѧ
в*се́ль-ше-мꙋ-сѧ,в*се́ль-ше-мꙋ-сѧ
в*се-лю-бе́з-не,в*се-лю-бе́з-не
в*се-лю-бе́з-нѣй-шїй,в*се-лю-бе́з-нѣй-шїй
в*се-лю́-сѧ,в*се-лю́-сѧ
в*се-лѧ́т-сѧ,в*се-лѧ́т-сѧ
в*се́мъ,в*се́мъ
в*се.на-слѣ́-дї-е,в*се.на-слѣ́-дї-е
в*се.не-по-ро́ч-на-ѧ,в*се.не-по-ро́ч-на-ѧ
в*се.не-по-ро́ч-нꙋ,в*се.не-по-ро́ч-нꙋ
в*се.не-по-ро́ч-нꙋ-ю,в*се.не-по-ро́ч-нꙋ-ю
в*се.не-по-ро́ч-нѣй,в*се.не-по-ро́ч-нѣй
в*се.но́щ-на-гѡ,в*се.но́щ-на-гѡ
в*се.но́щ-но-е,в*се.но́щ-но-е
в*се.но́щ-ны-ми,в*се.но́щ-ны-ми
все.ѻ.рꙋ́-жї-е,все.ѻ.рꙋ́-жї-е
все.ѻ.рꙋ́-жї-емъ,все.ѻ.рꙋ́-жї-емъ
в*се-ѡ.рꙋ́ж-нымъ,в*се-ѡ.рꙋ́ж-нымъ
все-сож.же́-нї-е,все-сож.же́-нї-е
все-сож.же́-нїй,все-сож.же́-нїй
все-сож.жє́-нї-ѧ,все-сож.жє́-нї-ѧ
в*се.хва́ль-на-гѡ,в*се.хва́ль-на-гѡ
в*се.хва́ль-на-ѧ,в*се.хва́ль-на-ѧ
в*се.хва́ль-не,в*се.хва́ль-не
в*се.хва́ль-нї-и,в*се.хва́ль-нї-и
в*се.хва́ль-ный,в*се.хва́ль-ный
в*се.хва́ль-ныхъ,в*се.хва́ль-ныхъ
в*се.хи-тре.цꙋ̀,в*се.хи-тре.цꙋ̀
в*се-ца-ри́-ца,в*се-ца-ри́-ца
в*се-ца-ри́-це,в*се-ца-ри́-це
в*се-ца-рѧ̀,в*се-ца-рѧ̀
в*се.цр҃ю̀,в*се.цр҃ю̀
в*се.цр҃ѧ̀,в*се.цр҃ѧ̀
в*се-цѣ́лъ,в*се-цѣ́лъ
в*се́-ю,в*се́-ю
в*ско́-рѣ,в*ско́-рѣ
в*скꙋ́-ю,в*скꙋ́-ю
всн҃о-в*ле́-нї-е,всн҃о-в*ле́-нї-е
в*сꙋ́-е,в*сꙋ́-е
в*сы-но-в*ле́-нї-е,в*сы-но-в*ле́-нї-е
в*сѣ̀,в*сѣ̀
в*сѣ́лъ,в*сѣ́лъ
в*сѧ́,в*сѧ́
в*сѧ̀,в*сѧ̀
в*сѧ̑,в*сѧ̑
в*сѧ́-ка,в*сѧ́-ка
в*сѧ́-ка-го,в*сѧ́-ка-го
в*сѧ́-ка-гѡ,в*сѧ́-ка-гѡ
в*сѧ́-ка-ѧ,в*сѧ́-ка-ѧ
в*сѧ̑-ка-ѧ,в*сѧ̑-ка-ѧ
в*сѧ́-ки.ми,в*сѧ́-ки.ми
в*сѧ́-кимъ,в*сѧ́-кимъ
в*сѧ́-кихъ,в*сѧ́-кихъ
в*сѧ́-кїй,в*сѧ́-кїй
в*сѧ́-кї-ѧ,в*сѧ́-кї-ѧ
в*сѧ́-ко,в*сѧ́-ко
в*сѧ́-ко-е,в*сѧ́-ко-е
в*сѧ́-кой,в*сѧ́-кой
в*сѧ́-ко-мꙋ,в*сѧ́-ко-мꙋ
в*сѧ́-комъ,в*сѧ́-комъ
в*сѧ́-ко-ю,в*сѧ́-ко-ю
в*сѧ́-кꙋ,в*сѧ́-кꙋ
в*сѧ́-кꙋ-ю,в*сѧ́-кꙋ-ю
в*сѧ́къ,в*сѧ́къ
в*сѧ́-цѣй,в*сѧ́-цѣй
в*сѧ́-цѣмъ,в*сѧ́-цѣмъ
в*сѧ́-че-ска-ѧ,в*сѧ́-че-ска-ѧ
в*сѧ́-чє-ска-ѧ,в*сѧ́-чє-ска-ѧ
в*сѧ́-че-ски,в*сѧ́-че-ски
в*сѧ́-чє-скимъ,в*сѧ́-чє-скимъ
в*сѧ́-че-скихъ,в*сѧ́-че-скихъ
вто*ⷬ҇,вто*ⷬ҇
в*че-ра̀,в*че-ра̀
в*ше́д-ше,в*ше́д-ше
в*ше́дъ,в*ше́дъ
в*ше́лъ,в*ше́лъ
в̾*слѣ́дъ,в̾*слѣ́дъ
вы-со́-ки.ми,вы-со́-ки.ми
вы.со-ко-вы́й-ный,вы.со-ко-вы́й-ный
вы.со-ко-ца́р-ствꙋ-ѧй,вы.со-ко-ца́р-ствꙋ-ѧй
вы.со-ча́й-ша-гѡ,вы.со-ча́й-ша-гѡ
вы́*спрь,вы́*спрь
вы́ш-не.е,вы́ш-не.е
вы́ш-не.мꙋ,вы́ш-не.мꙋ
вы̑.ѧ,вы̑.ѧ
вѣ́.дꙋ-ще,вѣ́.дꙋ-ще
вѣ́.дꙋ-щымъ,вѣ́.дꙋ-щымъ
вѣн.це.но́-сецъ,вѣн.це.но́-сецъ
вѣн.це.но́с-цы,вѣн.це.но́с-цы
вѣн.це.но́с-че,вѣн.це.но́с-че
вѣн.цы̑,вѣн.цы̑
вѣ́н.че,вѣ́н.че
вѣ.ро-вав-ше,вѣ.ро-вав-ше
вѣ̑.т*ви,вѣ̑.т*ви
вѣ.ті̑-и,вѣ.ті̑-и
вѣ́.три-ломъ,вѣ́.три-ломъ
вѣ́.тры,вѣ́.тры
вѣ̑ч.нымъ,вѣ̑ч.нымъ
вѣ̑ч.ны-ѧ,вѣ̑ч.ны-ѧ
вѧ́щ.ше,вѧ́щ.ше
вѷс.сомъ,вѷс.сомъ
га.ї-а-ні́-а,га.ї-а-ні́-а
ге.де-ѡ́нъ,ге.де-ѡ́нъ
гла-го́-ли.те,гла-го́-ли.те
глꙋ.би-на̀,глꙋ.би-на̀
глꙋ.би-но̀,глꙋ.би-но̀
глꙋ.би-но́-ю,глꙋ.би-но́-ю
глꙋ.би-нꙋ̀,глꙋ.би-нꙋ̀
глꙋ.би-ны̀,глꙋ.би-ны̀
глꙋ.би-ны̑,глꙋ.би-ны̑
глꙋ.би-нѣ̀,глꙋ.би-нѣ̀
глꙋ.бо.ро-ди́-тель-нꙋ-ю,глꙋ.бо.ро-ди́-тель-нꙋ-ю
глꙋ.бо́-кихъ,глꙋ.бо́-кихъ
глꙋ.бо́-кї-ѧ,глꙋ.бо́-кї-ѧ
глꙋ.бо.ко̀,глꙋ.бо.ко̀
глꙋ.бо.кꙋ̀,глꙋ.бо.кꙋ̀
глꙋ.бо́-кꙋ-ю,глꙋ.бо́-кꙋ-ю
глꙋ.бо́-цѣ,глꙋ.бо́-цѣ
г*лѷ-ке́-рї-а,г*лѷ-ке́-рї-а
гно.є́-нї-ѧ,гно.є́-нї-ѧ
го-лїн.дꙋ́-ха,го-лїн.дꙋ́-ха
го́р-ли.ца,го́р-ли.ца
го.ры̀,го.ры̀
гри́.в*на,гри́.в*на
гри́.в*ны,гри́.в*ны
гри̑.в*ны,гри̑.в*ны
гри̑.в*нѣ,гри̑.в*нѣ
гри-го.рї-а́н-скїй,гри-го.рї-а́н-скїй
грі́-нꙋ-и.чꙋ,грі́н.ꙋ-и.чꙋ
гро́*з.дї-е,гро́*з.дї-е
грѣ.ха̀,грѣ.ха̀
грѣ.ха́-ми,грѣ.ха́-ми
грѣ.хѝ,грѣ.хѝ
грѣ.хи̑,грѣ.хи̑
грѣх.мѝ,грѣх.мѝ
грѣ.хо́в-на-гѡ,грѣ.хо́в-на-гѡ
грѣ.хо́в-на-ѧ,грѣ.хо́в-на-ѧ
грѣ.хо́в-но-е,грѣ.хо́в-но-е
грѣ.хо́в-но-ю,грѣ.хо́в-но-ю
грѣ.хо́в-нꙋ-ю,грѣ.хо́в-нꙋ-ю
грѣ.хо́в-ный,грѣ.хо́в-ный
грѣ.хо́в-ны-ми,грѣ.хо́в-ны-ми
грѣ.хо́в-нымъ,грѣ.хо́в-нымъ
грѣ.хо́в-ныхъ,грѣ.хо́в-ныхъ
грѣ.хо́в-ны-ѧ,грѣ.хо́в-ны-ѧ
грѣ.хо́в-нѣй,грѣ.хо́в-нѣй
грѣ.хѡ́въ,грѣ.хѡ́въ
грѣ.хо-лю-би́въ,грѣ.хо-лю-би́въ
грѣ.хо́мъ,грѣ.хо́мъ
грѣ.хо-па-де́-нїй,грѣ.хо-па-де́-нїй
грѣ.хꙋ̀,грѣ.хꙋ̀
гдⷭ҇е-ви,гдⷭ҇е*ви
гꙋ.г*ни́-во-мꙋ,гꙋ.г*ни́-во-мꙋ
да.ві́-да,да.ві́-да
да.ві́-де,да.ві́-де
да.ві́-до-ва,да.ві́-до-ва
да.ві́-довъ,да.ві́-довъ
да.ві́-дѡ-вы,да.ві́-дѡ-вы
да.ві́-до-вѣ,да.ві́-до-вѣ
да.ві́-домъ,да.ві́-домъ
да.ві́д-ски,да.ві́д-ски
да.ві́д-ско-е,да.ві́д-ско-е
да.ві́-дꙋ,да.ві́-дꙋ
да.ві́дъ,да.ві́дъ
да-ма́*с.цѣ,да-ма́*с.цѣ
д*ва̀,д*ва̀
д*ва́-де-сѧ-ти,д*ва́-де-сѧ-ти
д*ва́-де-сѧть,д*ва́-де-сѧть
д*ваⷤ,д*ваⷤ
д*ва́-жды,д*ва́-жды
д*ва-на́-де-сѧ-те,д*ва-на́-де-сѧ-те
д*ва-на́-де-сѧть,д*ва-на́-де-сѧть
дв҃д*ски,дв҃д*ски
д*во́-е,д*во́-е
дво.и́хъ,дво.и́хъ
д*во́-и-ца,д*во́-и-ца
д*во́-и-це,д*во́-и-це
д*во́-и-цꙋ,д*во́-и-цꙋ
д*во.ра̀,д*во.ра̀
д*во́ръ,д*во́ръ
д*во.ры̀,д*во.ры̀
д*во.рѣ̀,д*во.рѣ̀
д*во́-рѣхъ,д*во́-рѣхъ
д*во.ю̀,д*во.ю̀
д*вѣ̀,д*вѣ̀
д*вѣ.ма̀,д*вѣ.ма̀
д*вѣ́-сти,д*вѣ́-сти
де́*брь,де́*брь
де.вѧ-тѝ,де.вѧ-тѝ
де.вѧ́-тый,де.вѧ́-тый
де́р.знетъ,де́р.знетъ
дер.знꙋ́в-шї-ѧ,дер.знꙋ́в-шї-ѧ
дер.знꙋ́-ша,дер.знꙋ́-ша
де́р-зо.сти,де́р-зо.сти
де-сѧ-ти̑.ны,де-сѧ-ти̑.ны
дї.а-ди́-мо-ю,дї.а-ди́-мо-ю
дї-а́-ко.нꙋ,дї-а́-ко.нꙋ
дї-а́-ко.ны,дї-а́-ко.ны
дї-о-н*ѵ́.сї-а,дї-о-н*ѵ́.сї-а
дї-о-н*ѵ́.сї-е,дї-о-н*ѵ́.сї-е
дї-о-н*ѵ́.сїй,дї-о-н*ѵ́.сїй
дї.о-ско́ръ,дї.о-ско́ръ
д*ла́-ни,д*ла́-ни
д*ла̑-ни,д*ла̑-ни
д*ла́-нї-ю,д*ла́-нї-ю
д*ла́н-ма,д*ла́н-ма
д*ла́нь-ми,д*ла́нь-ми
д*не*в.нꙋ́-ю,д*не*в.нꙋ́-ю
д*нев.ны́й,д*нев.ны́й
д*не́сь,д*не́сь
д*не́ш-нїй,д*не́ш-нїй
д*не́ш-нѧ-гѡ,д*не́ш-нѧ-гѡ
д*но̀,д*но̀
д*ню̀,д*ню̀
до́.б*ле-ствен-нѡ,до́.б*ле-ствен-нѡ
до́.б*ле-ствен-нѣ,до́.б*ле-ствен-нѣ
до́.блѧ,до́.блѧ
до́.блѧ-го,до́.блѧ-го
до́.б*ныхъ,до́.б*ныхъ
дѡ́.бра-ѧ,дѡ́.бра-ѧ
дѡ́.брымъ,дѡ́.брымъ
дѡ́.бры-ѧ,дѡ́.бры-ѧ
до-в*лѣ́-етъ,до-в*лѣ́-етъ
до́.г*мꙋ,до́.г*мꙋ
до*л-гѡ́въ,до*л-гѡ́въ
до*л-го-де́н-ствї-е,до*л-го-де́н-ствї-е
до*л-го-та̀,до*л-го-та̀
до*л-го-тер-пѣ-ли́-ве,до*л-го-тер-пѣ-ли́-ве
до*л-го-тер-пѣ-ли́въ,до*л-го-тер-пѣ-ли́въ
до*л-го-тер-пѣ-ли́-вый,до*л-го-тер-пѣ-ли́-вый
до*л-го-тер-пѣ́-нї-е,до*л-го-тер-пѣ́-нї-е
до*л-го-тер-пѣ́-нї-ю,до*л-го-тер-пѣ́-нї-ю
до*л-го-тер-пѣ́-нї-ѧ,до*л-го-тер-пѣ́-нї-ѧ
до*л-го-тꙋ̀,до*л-го-тꙋ̀
до́л.женъ,до́л.женъ
до́л.ж*ни,до́л.ж*ни
до́л.ж*но,до́л.ж*но
до*м.ні́-ка,до*м.ні́-ка
до*м.ні́-на,до*м.ні́-на
дѡ-ро.ѳе́-а,дѡ-ро.ѳе́-а
дѡ-ро.ѳе́й,дѡ-ро.ѳе́й
до.рѷ-ме-до́нтъ,до.рѷ-ме-до́нтъ
до.рѷ-но.си́-ма,до.рѷ-но.си́-ма
до.рѷ-но́-сит-сѧ,до.рѷ-но́-сит-сѧ
до-сти́*г.ла,до-сти́*г.ла
до.хно-ве́-нї-емъ,до.хно-ве́-нї-емъ
дра́.хма,дра́.хма
д*рє́в-нимъ,д*рє́в-нимъ
д*рє́в-нї-ѧ,д*рє́в-нї-ѧ
д*рє́в-нѧ-ѧ,д*рє́в-нѧ-ѧ
дрꙋгъ.дрꙋ́-га,дрꙋгъ.дрꙋ́-га
дрѣ́.в*ле,дрѣ́.в*ле
д*с҃и,д*с҃и
д*с҃ѣ,д*с҃ѣ
дꙋ-ше.ло-ви́-тель-но-мꙋ,дꙋ-ше.ло-ви́-тель-но-мꙋ
дꙋ-ше.па́-гꙋб-нꙋ-ю,дꙋ-ше.па́-гꙋб-нꙋ-ю
дꙋ-ше.т*ли́-тель-на-гѡ,дꙋ-ше.т*ли́-тель-на-гѡ
дꙋ-ше.т*ли́-тель-нꙋ-ю,дꙋ-ше.т*ли́-тель-нꙋ-ю
дꙋ-ше.тлѣ́н-но-мꙋ,дꙋ-ше.тлѣ́н-но-мꙋ
дꙋ-ше.тлѣ́н-но-ю,дꙋ-ше.тлѣ́н-но-ю
дꙋ-ше.тлѣ́н-ныхъ,дꙋ-ше.тлѣ́н-ныхъ
дꙋ-ше.тлѣ̑н-ны-ѧ,дꙋ-ше.тлѣ̑н-ны-ѧ
дꙋ́-ш*и,дꙋ́-ш*и
дꙋ́-ш*ꙋ,дꙋ́-ш*ꙋ
д*х҃а,д*х҃а
д*х҃и,д*х҃и
дх*не́тъ,дх*не́тъ
д*х҃о-ви,д*х҃о-ви
д*х҃о́в-на-гѡ,д*х҃о́в-на-гѡ
д*х҃о́в-на-ѧ,д*х҃о́в-на-ѧ
д*х҃о́в-нѡ,д*х҃о́в-нѡ
д*х҃о́в-но-е,д*х҃о́в-но-е
д*х҃о́в-но-ю,д*х҃о́в-но-ю
д*х҃о́в-нꙋ-ю,д*х҃о́в-нꙋ-ю
д*х҃о́в-ный,д*х҃о́в-ный
д*х҃о́в-ны-ми,д*х҃о́в-ны-ми
д*х҃о́в-нымъ,д*х҃о́в-нымъ
д*х҃о́в-ныхъ,д*х҃о́в-ныхъ
д*х҃о́в-ны-ѧ,д*х҃о́в-ны-ѧ
д*х҃о́в-нѣ,д*х҃о́в-нѣ
д*х҃омъ,д*х҃омъ
д*х҃ꙋ,д*х҃ꙋ
д*х҃ъ,д*х҃ъ
д*ш҃а̀,д*ш҃а̀
д*ш҃е,д*ш҃е
д*ще́-ре,д*ще́-ре
д*ще́-рей,д*ще́-рей
дщє́.ри,дщє́.ри
д*ще́рь,д*ще́рь
д*щѝ,д*щѝ
дѣ́.ви-ца,дѣ́.ви-ца
дѣ́.ви-цѣ,дѣ́.ви-цѣ
дѣ.ви́-че-ска,дѣ.ви́-че-ска
дѣ.ви́-че-ска-гѡ,дѣ.ви́-че-ска-гѡ
дѣ.ви́-че-скї-ѧ,дѣ.ви́-че-скї-ѧ
дѣ.ви́-че-скꙋ-ю,дѣ.ви́-че-скꙋ-ю
дѣ.ви́-чꙋ,дѣ.ви́-чꙋ
дѣ.ло-да́-те-лѧ,дѣ.ло-да́-те-лѧ
є҆-гѵ́-п*єт-скї-ѧ,є҆-гѵ́-п*єт-скї-ѧ
є҆-гѵ́.пта,є҆-гѵ́.пта
є҆-гѵ́.птѣ,є҆-гѵ́.птѣ
є҆-гѵ́.птѧ-не,є҆-гѵ́.птѧ-не
є҆-гѵ́.птѧ-ни.на,є҆-гѵ́.птѧ-ни.на
є҆-гѵ́.птѧ-нѡмъ,є҆-гѵ́.птѧ-нѡмъ
є҆-гѵ́.птѧнъ,є҆-гѵ́.птѧнъ
є҆-гѵ́.птѧ-ны,є҆-гѵ́.птѧ-ны
є҆.д*ва̀,є҆.д*ва̀
є҆-ди́.но-жды,є҆-ди́.но-жды
є҆́з.дра,є҆́з.дра
є҆-ка-те.рі́-на,є҆-ка-те.рі́-на
є҆-ка-те-рї*н-бꙋ́ргъ,є҆-ка-те-рї*н-бꙋ́ргъ
є҆-ка-те-рї*н-бꙋ́рж-ско-е,є҆-ка-те-рї*н-бꙋ́рж-ско-е
є҆-к*ді́-кїй,є҆-к*ді́-кїй
є҆к.кли-сї-а́рхъ,є҆к.кли-сї-а́рхъ
є҆.лез.во́й,є҆.лез.во́й
є҆.ли̑.ка,є҆.ли̑.ка
є҆.ли̑.ки,є҆.ли̑.ки
є҆.ли́-ко,є҆.ли́-ко
є҆.ли́-кꙋ,є҆.ли́-кꙋ
є҆.лї-са-ве́-та,є҆.лї-са-ве́-та
є҆.лї-са-ве́-ти,є҆.лї-са-ве́-ти
є҆.лї-са-ве́-то,є҆.лї-са-ве́-то
є҆.лї-са-ве́тъ,є҆.лї-са-ве́тъ
є҆.лї-са-ве́ть,є҆.лї-са-ве́ть
є҆.лїс.се́-а,є҆.лїс.се́-а
є҆.лїс.се́й,є҆.лїс.се́й
є҆.лїс.се́-ю,є҆.лїс.се́-ю
є҆-мї-лї.а́нъ,є҆-мї-лї.а́нъ
є҆-ре.се́й,є҆-ре.се́й
є҆́.рє-си,є҆́.рє-си
є҆-ре.тї.кѡ́въ,є҆-ре.тї.кѡ́въ
є҆-ре.ті́-чє-ска-ѧ,є҆-ре.ті́-чє-ска-ѧ
є҆-ре.ті́-че-ствꙋ-ю-щихъ,є҆-ре.ті́-че-ствꙋ-ю-щихъ
є҆р-мї-нї*г-ге́лдъ,є҆р-мї-нї*г-ге́лдъ
є҆р-мо.ге́.на,є҆р-мо.ге́.на
є҆р-мо.ге́.не,є҆р-мо.ге́.не
є҆р-мо.ла́й,є҆р-мо.ла́й
є҆-сте́*ствъ,є҆-сте́*ствъ
є҆.фі́въ,є҆.фі́въ
є҆.ю̀,є҆.ю̀
є҆-ѧ́.же,є҆-ѧ́.же
є҆-ѯа.кꙋ.стѡ-дї-а́нъ,є҆-ѯа.кꙋ.стѡ-дї-а́нъ
є҆-ѯа.по.стї-ла́-рїй,є҆-ѯа.по.стї-ла́-рїй
є҆́.ѵа,є҆́.ѵа
є҆-ѵ*а́н-ге-лї-а,є҆-ѵ*а́н-ге-лї-а
є҆-ѵ*а́н-ге-лї-е,є҆-ѵ*а́н-ге-лї-е
є҆ѵ-ге́.нї-а,є҆ѵ-ге́.нї-а
є҆ѵ-ге́.нї-е,є҆ѵ-ге́.нї-е
є҆ѵ-ге́.нїй,є҆ѵ-ге́.нїй
є҆ѵⷢ҇ї-е,є҆ѵⷢ҇ї*е
є҆ѵⷢї-е,є҆ѵⷢї*е
є҆́.ѵи-но,є҆́.ѵи-но
є҆.ѵ*ї-ла́-сїй,є҆.ѵ*ї-ла́-сїй
є҆ѵ.ка́р-пїй,є҆ѵ.ка́р-пїй
є҆ѵ.кле́й,є҆ѵ.кле́й
є҆-ѵ*о́дъ,є҆-ѵ*о́дъ
є҆ѵ-се́.ѵї-а,є҆ѵ-се́.ѵї-а
є҆ѵ-сѷ.гні́й,є҆ѵ-сѷ.гні́й
є҆́.ѵꙋ,є҆́.ѵꙋ
є҆ѵ-фро.сѵ́.нї-а,є҆ѵ-фро.сѵ́.нї-а
є҆ѵ-фро.сѵ́.нї-е,є҆ѵ-фро.сѵ́.нї-е
є҆ѵ-фро.сѵ́.нї-и,є҆ѵ-фро.сѵ́.нї-и
є҆ѵ-фро.сѵ́нъ,є҆ѵ-фро.сѵ́нъ
є҆́.ѵы,є҆́.ѵы
є҆ѵ-ѳѵ́.мї-а,є҆ѵ-ѳѵ́.мї-а
є҆ѵ-ѳѵ́.мї-е,є҆ѵ-ѳѵ́.мї-е
є҆ѵ-ѳѵ́.мїй,є҆ѵ-ѳѵ́.мїй
жа́*т.ва,жа́*т.ва
жа́т.вꙋ,жа́т.вꙋ
жа́т.вы,жа́т.вы
же*з.ла̀,же*з.ла̀
же́з.ле,же́з.ле
же-лѣ̑з.ны-ѧ,же-лѣ̑з.ны-ѧ
же-ни.ха̀,же-ни.ха̀
же-ни.хꙋ̀,же-ни.хꙋ̀
же.нѣ̀,же.нѣ̀
же́р.тва,же́р.тва
же́р.твахъ,же́р.твахъ
же́р.твєн-на-ѧ,же́р.твєн-на-ѧ
же́р.твен-ни-ка,же́р.твен-ни-ка
же́р.твен-ни-кꙋ,же́р.твен-ни-кꙋ
же́р.твен-никъ,же́р.твен-никъ
же́р.твен-ни-цѣ,же́р.твен-ни-цѣ
же́р.твен-но-е,же́р.твен-но-е
же́р.твꙋ,же́р.твꙋ
жє́р.твы,жє́р.твы
же*р.цы̀,же*р.цы̀
жи.вѡ́т-на-ѧ,жи.вѡ́т-на-ѧ
жи.вѡ́т-нꙋ,жи.вѡ́т-нꙋ
жи.вѡ́т-ны-ѧ,жи.вѡ́т-ны-ѧ
жи́.з*ни,жи́.з*ни
жи.з*но-да́-вецъ,жи.з*но-да́-вецъ
жи.з*но-да́в-ца,жи.з*но-да́в-ца
жи.з*но-да́в-че,жи.з*но-да́в-че
жи.ли́-ща,жи.ли́-ща
жи.ли̑-ща,жи.ли̑-ща
жи.ли́-ще,жи.ли́-ще
жи.тє́й-ска-ѧ,жи.тє́й-ска-ѧ
ж*нꙋ́тъ,ж*нꙋ́тъ
жре.бѧ̀,жре.бѧ̀
жре.бѧ́-ти,жре.бѧ́-ти
ѕвѣ*з.да̀,ѕвѣ*з.да̀
ѕвѣ*з.да́-ми,ѕвѣ*з.да́-ми
ѕвѣ*з.да́мъ,ѕвѣ*з.да́мъ
ѕвѣз.до̀,ѕвѣз.до̀
ѕвѣз.до́-ю,ѕвѣз.до́-ю
ѕвѣз.дꙋ̀,ѕвѣз.дꙋ̀
ѕвѣ*з.ды̀,ѕвѣ*з.ды̀
ѕвѣ̑.ри,ѕвѣ̑.ри
ѕло-хꙋ.ле́-нї-е,ѕло-хꙋ.ле́-нї-е
ѕло-хꙋ.ле́-нї-ѧ,ѕло-хꙋ.ле́-нї-ѧ
ѕмі́-є.вы,ѕмі́-є.вы
за.кхе́й,за.кхе́й
за.нѐ,за.нѐ
за-па*д-но-єѵ-рѡ-пе́й-ско-е,за-па*д-но-єѵ-рѡ-пе́й-ско-е
за́-па-д*ный,за́-па-д*ный
за-пе-ча.т*лѣ́в-ше,за-пе-ча.т*лѣ́в-ше
за-пе-ча.т*лѣ́н-нꙋ,за-пе-ча.т*лѣ́н-нꙋ
за-пе-ча.т*лѣ́-ста-сѧ,за-пе-ча.т*лѣ́-ста-сѧ
за-по.вѣ́-да,за-по.вѣ́-да
за-по.вѣ́-далъ,за-по.вѣ́-далъ
за-по.вѣ́-дахъ,за-по.вѣ́-дахъ
за-по.вѣ́-да-ю,за-по.вѣ́-да-ю
за́-по-вѣ.дей,за́-по-вѣ.дей
за́-по-вѣ.дехъ,за́-по-вѣ.дехъ
за́.пѡ-вѣ-ди,за́.пѡ-вѣ-ди
за-т*чѐ,за-т*чѐ
за.ꙋ́.тра,за.ꙋ́.тра
за.ха́-рї-а,за.ха́-рї-а
за.ха́-рї-е,за.ха́-рї-е
за.ха́-рї-и,за.ха́-рї-и
з*ва́-ни,з*ва́-ни
з*ва́-нї-е,з*ва́-нї-е
з*ва́-нї-емъ,з*ва́-нї-емъ
з*ва́-нї-ю,з*ва́-нї-ю
з*ва́-нї-ѧ,з*ва́-нї-ѧ
з*ва́н-ный,з*ва́н-ный
з*ва́нъ,з*ва́нъ
з*вѣ*з.да́мъ,з*вѣ*з.да́мъ
з*вѣ*з.ды̀,з*вѣ*з.ды̀
з*вѣ́-рѧ,з*вѣ́-рѧ
з*дра́-ва,з*дра́-ва
з*дра́-вї-е,з*дра́-вї-е
з*дра́-вї-и,з*дра́-вї-и
з*дра́-вї-ѧ,з*дра́-вї-ѧ
з*дра́въ,з*дра́въ
з*дѣ́,з*дѣ́
з*дѣ̀,з*дѣ̀
зе́.м*ленъ,зе́.м*ленъ
зе́.м*лю,зе́.м*лю
зе.млѧ̀,зе.млѧ̀
зем.на́-гѡ,зем.на́-гѡ
зем.на́-ѧ,зем.на́-ѧ
зем.на̑-ѧ,зем.на̑-ѧ
зем.ні́-и,зем.ні́-и
зе*м.но́-е,зе*м.но́-е
зе*м.но-ро́д-нї-и,зе*м.но-ро́д-нї-и
зе*м.но-ро́д-ный,зе*м.но-ро́д-ный
зе*м.но-ро́д-ныхъ,зе*м.но-ро́д-ныхъ
зе*м.но-рѡ́д-ны-ѧ,зе*м.но-рѡ́д-ны-ѧ
зем.нꙋ́-ю,зем.нꙋ́-ю
зем.ны́й,зем.ны́й
зем.ны́-ми,зем.ны́-ми
зем.ны̑мъ,зем.ны̑мъ
зем.ны́хъ,зем.ны́хъ
зем.ны́-ѧ,зем.ны́-ѧ
зем.ны̑-ѧ,зем.ны̑-ѧ
зем.нѣ́мъ,зем.нѣ́мъ
зер.ца́-ло,зер.ца́-ло
зер.ца́-лѡмъ,зер.ца́-лѡмъ
зер.ца́-лѣ,зер.ца́-лѣ
зи́м-не-е,зи́.м*не-е
зла.то-тво́р-но-е,зла.то-тво́р-но-е
зла-то-ꙋ́.ста-гѡ,зла-то-ꙋ́.ста-гѡ
зла-то-ꙋ́.сте,зла-то-ꙋ́.сте
зла.ты̑.ѧ,зла.ты̑.ѧ
з*на́-ме-на-сѧ,з*на́-ме-на-сѧ
з*на́-ме-нї-е,з*на́-ме-нї-е
з*на́-ме-нї-ємъ,з*на́-ме-нї-ємъ
з*на́-ме-нїй,з*на́-ме-нїй
з*на́-ме-нї-ихъ,з*на́-ме-нї-ихъ
з*на́-мє-нї-ѧ,з*на́-мє-нї-ѧ
з*на́-мен-ми,з*на́-мен-ми
з*на́-ме.нꙋ-етъ,з*на́-ме.нꙋ-етъ
з*на́-ме-нꙋ-ѧ,з*на́-ме-нꙋ-ѧ
з*на́-мень-ми,з*на́-мень-ми
з*но́-емъ,з*но́-емъ
з*но́й,з*но́й
з*но́-ѧ,з*но́-ѧ
и҆з.ба́-ви,и҆з.ба́-ви
и҆з.ба́-вивъ,и҆з.ба́-вивъ
и҆з.ба́-ви-вый,и҆з.ба́-ви-вый
и҆з.ба́-вилъ,и҆з.ба́-вилъ
и҆з.ба́-вим-сѧ,и҆з.ба́-вим-сѧ
и҆з.ба́-ви-сѧ,и҆з.ба́-ви-сѧ
и҆з.ба́-ви-те,и҆з.ба́-ви-те
и҆з.ба́-ви-тель,и҆з.ба́-ви-тель
и҆з.ба́-ви-те-лю,и҆з.ба́-ви-те-лю
и҆з.ба́-ви-те-лѧ,и҆з.ба́-ви-те-лѧ
и҆з.ба́-ви-ти,и҆з.ба́-ви-ти
и҆з.ба́-ви-ти-сѧ,и҆з.ба́-ви-ти-сѧ
и҆з.ба́-вит-сѧ,и҆з.ба́-вит-сѧ
и҆з.ба́-витъ,и҆з.ба́-витъ
и҆з.ба́-ви.хом-сѧ,и҆з.ба́-ви.хом-сѧ
и҆з.ба́-ви-ши,и҆з.ба́-ви-ши
и҆з.ба.в*ле́й,и҆з.ба.в*ле́й
и҆з.ба.в*ле́-нї-е,и҆з.ба.в*ле́-нї-е
и҆з.ба.в*ле́-нї-и,и҆з.ба.в*ле́-нї-и
и҆з.ба.в*ле́-нї-ѧ,и҆з.ба.в*ле́-нї-ѧ
и҆з.ба́-влен-нї-и,и҆з.ба́в-лен-нї-и
и҆з.ба́вль,и҆з.ба́вль
и҆з.ба́вль-сѧ,и҆з.ба́вль-сѧ
и҆з.ба́вль-ша-го,и҆з.ба́вль-ша-го
и҆з.ба́вль-ше-мꙋ,и҆з.ба́вль-ше-мꙋ
и҆з.ба́вль-ше-сѧ,и҆з.ба́вль-ше-сѧ
и҆з.ба́вль-шꙋ-ю,и҆з.ба́вль-шꙋ-ю
и҆з.ба́-влю,и҆з.ба́в-лю
и҆з.ба́-влю-сѧ,и҆з.ба́в-лю-сѧ
и҆з.ба.в*лѧ́-е-ми,и҆з.ба.в*лѧ́-е-ми
и҆з.ба.в*лѧ́-ем-сѧ,и҆з.ба.в*лѧ́-ем-сѧ
и҆з.ба.в*лѧ́-етъ,и҆з.ба.в*лѧ́-етъ
и҆з.ба.в*лѧ́-е-ши,и҆з.ба.в*лѧ́-е-ши
и҆з.ба.в*лѧ́й,и҆з.ба.в*лѧ́й
и҆з.ба.в*лѧ́-ти,и҆з.ба.в*лѧ́-ти
и҆з.ба.в*лѧ́-ю-ща,и҆з.ба.в*лѧ́-ю-ща
и҆з.ба.в*лѧ́-ю-ща-го,и҆з.ба.в*лѧ́-ю-ща-го
и҆з.ба.в*лѧ́-ю-ща-ѧ,и҆з.ба.в*лѧ́-ю-ща-ѧ
и҆з.ба.в*лѧ́-ю-щи,и҆з.ба.в*лѧ́-ю-щи
и҆з.ба.в*лѧ́-ѧ,и҆з.ба.в*лѧ́-ѧ
и҆з.ба.в*лѧ́-ѧй,и҆з.ба.в*лѧ́-ѧй
и҆з.бе-ре́тъ,и҆з.бе-ре́тъ
и҆з.бѝ,и҆з.бѝ
и҆з.би́-ша,и҆з.би́-ша
и҆з.бле-ва̀,и҆з.бле-ва̀
и҆з.бра̀,и҆з.бра̀
и҆з.бра́въ,и҆з.бра́въ
и҆з.бра́лъ,и҆з.бра́лъ
и҆з.бра́-нї-е,и҆з.бра́-нї-е
и҆з.бра́н-на,и҆з.бра́н-на
и҆з.бра́н-на-го,и҆з.бра́н-на-го
и҆з.бра́н-на-гѡ,и҆з.бра́н-на-гѡ
и҆з.бра́н-на-ѧ,и҆з.бра́н-на-ѧ
и҆з.бра́н-нї-и,и҆з.бра́н-нї-и
и҆з.бра́н-нꙋ-ю,и҆з.бра́н-нꙋ-ю
и҆з.бра́н-ный,и҆з.бра́н-ный
и҆з.бра́н-ны-ми,и҆з.бра́н-ны-ми
и҆з.бра̑н-нымъ,и҆з.бра̑н-нымъ
и҆з.бра́н-ныхъ,и҆з.бра́н-ныхъ
и҆з.бра̑н-ны-ѧ,и҆з.бра̑н-ны-ѧ
и҆з.бра́нъ,и҆з.бра́нъ
и҆з.бра́хъ,и҆з.бра́хъ
и҆з.бы́въ,и҆з.бы́въ
и҆з.бы́-ти,и҆з.бы́-ти
и҆з.бѣ.га́-емъ,и҆з.бѣ.га́-емъ
и҆з.бѣ́глъ,и҆з.бѣ́глъ
и҆з.бѣ.жа́въ,и҆з.бѣ.жа́въ
и҆з.бѣ.жа́-ти,и҆з.бѣ.жа́-ти
и҆з.ве-дѐ,и҆з.ве-дѐ
и҆з.ве-де́тъ,и҆з.ве-де́тъ
и҆з.ве-дѝ,и҆з.ве-дѝ
и҆з.ве-до́хъ,и҆з.ве-до́хъ
и҆з.ве-ды́й,и҆з.ве-ды́й
и҆з.ве́лъ,и҆з.ве́лъ
и҆з.ве-стѝ,и҆з.ве-стѝ
и҆з.ви-ті́й-ство-ва,и҆з.ви-ті́й-ство-ва
и҆з.вле́къ,и҆з.вле́къ
и҆з.во-ле́-нї-е,и҆з.во-ле́-нї-е
и҆з.во-ле́-нї-емъ,и҆з.во-ле́-нї-емъ
и҆з.во́-ли,и҆з.во́-ли
и҆з.во́-лив-ша-го,и҆з.во́-лив-ша-го
и҆з.во́-ли-вый,и҆з.во́-ли-вый
и҆з.во́-лилъ,и҆з.во́-лилъ
и҆з.во́-литъ,и҆з.во́-литъ
и҆з.во́-лихъ,и҆з.во́-лихъ
и҆з.вѣ́*ст.во-ва-ше,и҆з.вѣ́*ст.во-ва-ше
и҆з.вѣ*ст.вꙋ́-е-ши,и҆з.вѣ*ст.вꙋ́-е-ши
и҆з.вѣ́-стенъ,и҆з.вѣ́-стенъ
и҆з.вѣ-сти́,и҆з.вѣ-сти́
и҆з.вѣ-стѝ,и҆з.вѣ-стѝ
и҆з.вѣ́ст-но,и҆з.вѣ́ст-но
и҆з.вѣ́ст-нѡ,и҆з.вѣ́ст-нѡ
и҆з.вѣ́ст-но-е,и҆з.вѣ́ст-но-е
и҆з.вѣ́ст-нѣй-ше-е,и҆з.вѣ́ст-нѣй-ше-е
и҆з.вѣ-ще́-нї-е,и҆з.вѣ-ще́-нї-е
и҆з.вѣ-щє́н-нымъ,и҆з.вѣ-щє́н-нымъ
и҆з.гна̀,и҆з.гна̀
и҆з.гна́въ,и҆з.гна́въ
и҆з.гна́лъ,и҆з.гна́лъ
и҆з.гна́-ни,и҆з.гна́-ни
и҆з.гна́-нї-е,и҆з.гна́-нї-е
и҆з.гна́-нї-и,и҆з.гна́-нї-и
и҆з.гна́нъ,и҆з.гна́нъ
и҆з.гна́-ша,и҆з.гна́-ша
и҆*з.да-ле́-ча,и҆*з.да-ле́-ча
и҆*з.ды-ха́-нї-ѧ,и҆*з.ды-ха́-нї-ѧ
и҆з.же-нꙋ́тъ,и҆з.же-нꙋ́тъ
и҆з.ли-ва́-е-ши,и҆з.ли-ва́-е-ши
и҆з.лї-ѧ̀,и҆з.лї-ѧ̀
и҆з.лї-ѧ́лъ,и҆з.лї-ѧ́лъ
и҆з.лї-ѧ́-сѧ,и҆з.лї-ѧ́-сѧ
и҆з.ми́,и҆з.ми́
и҆з.мѝ,и҆з.мѝ
и҆з.мла́-да,и҆з.мла́-да
и҆з.мо-ве́-ни,и҆з.мо-ве́-ни
и҆з.мѣ-не́-нї-е,и҆з.мѣ-не́-нї-е
и҆з.мѣ-не́-нї-емъ,и҆з.мѣ-не́-нї-емъ
и҆з.мѣ-не́-нї-ѧ,и҆з.мѣ-не́-нї-ѧ
и҆з.мѣ-нѝ,и҆з.мѣ-нѝ
и҆з.мѣ-ни́л-сѧ,и҆з.мѣ-ни́л-сѧ
и҆з.мѣ-ни́лъ,и҆з.мѣ-ни́лъ
и҆з.мѣ-ни́-сѧ,и҆з.мѣ-ни́-сѧ
и҆з.мѣ-ни́тъ,и҆з.мѣ-ни́тъ
и҆з.мѣ́н-ше-мꙋ,и҆з.мѣ́н-ше-мꙋ
и҆з.мѣ́н-ше-сѧ,и҆з.мѣ́н-ше-сѧ
и҆з.мѣ-нѧ́-ше-сѧ,и҆з.мѣ-нѧ́-ше-сѧ
и҆з.мѣ-нѧ́-ю-щи,и҆з.мѣ-нѧ́-ю-щи
и҆*з.не-мо-га́-етъ,и҆*з.не-мо-га́-етъ
и҆*з.не-мо-го́-ша,и҆*з.не-мо-го́-ша
и҆*з.не-мо́-же,и҆*з.не-мо́-же
и҆*з.не-сѐ,и҆*з.не-сѐ
и҆*з.но́-ситъ,и҆*з.но́-ситъ
и҆*з.нꙋ-ри́лъ,и҆*з.нꙋ-ри́лъ
и҆-зо*ч.те́тъ,и҆-зо*ч.те́тъ
и҆*з.ра́-иль,и҆*з.ра́-иль
и҆*з.ра-стѝ,и҆*з.ра-стѝ
и҆*з.ре.че́-нї-ѧ,и҆*з.ре.че́-нї-ѧ
и҆*з.ре.щѝ,и҆*з.ре.щѝ
и҆*з.ри-но-ве́-на,и҆*з.ри-но-ве́-на
и҆*з.рѣ-ши́-хом-сѧ,и҆*з.рѣ-ши́-хом-сѧ
и҆*з.рѧ́-денъ,и҆*з.рѧ́-денъ
и҆*з.рѧ́д.на,и҆*з.рѧ́д.на
и҆*з.рѧ́д.нѡ,и҆*з.рѧ́д.нѡ
и҆*з.рѧ́д.но-е,и҆*з.рѧ́д.но-е
и҆*з.рѧ́д.ный,и҆*з.рѧ́д.ный
и҆*з.рѧ́д.ны-ѧ,и҆*з.рѧ́д.ны-ѧ
и҆*з.рѧ́д.нѣ-е,и҆*з.рѧ́д.нѣ-е
и҆з.се-ле́нъ,и҆з.се-ле́нъ
и҆з.со́х-ше,и҆з.со́х-ше
и҆з.стꙋ-пле́-нї-е,и҆з.стꙋ-пле́-нї-е
и҆з.сꙋ-ша́-ет-сѧ,и҆з.сꙋ-ша́-ет-сѧ
и҆з.сꙋ-шѝ,и҆з.сꙋ-шѝ
и҆з.сꙋ-ши́в-ше-мꙋ,и҆з.сꙋ-ши́в-ше-мꙋ
и҆з.сꙋ-ши́лъ,и҆з.сꙋ-ши́лъ
и҆*з.цѣ-ле́-нї-е,и҆*з.цѣ-ле́-нї-е
и҆*з.цѣ-лє́-нї-ѧ,и҆*з.цѣ-лє́-нї-ѧ
и҆з.ше́д-ше,и҆з.ше́д-ше
и҆з.ше́дъ,и҆з.ше́дъ
и҆з.ше́лъ,и҆з.ше́лъ
и҆з̾-ꙋ.вѧ́д.шꙋ,и҆з̾-ꙋ.вѧ́д.шꙋ
и҆з̾.ꙋ.мѣ-ва́-етъ,и҆з̾.ꙋ.мѣ-ва́-етъ
и҆.зы-ди́-те,и҆.зы-ди́-те
и҆.зы-до́-сте,и҆.зы-до́-сте
и҆.зы-до́хъ,и҆.зы-до́хъ
и҆.зы-до́-ша,и҆.зы-до́-ша
и҆.лѝ,и҆.лѝ
и҆.лї-а̀,и҆.лї-а̀
и҆.лї-а́нъ,и҆.лї-а́нъ
и҆.лї-ѐ,и҆.лї-ѐ
и҆.лї-ѝ,и҆.лї-ѝ
и҆.лї-и.нꙋ̀,и҆.лї-и.нꙋ̀
и҆.лї-о-дѡ́ръ,и҆.лї-о-дѡ́ръ
и-мѣ́-ѧ.и,и-мѣ́-ѧ.и
и҆.но́-го,и҆.но́-го
и҆.но́-гѡ,и҆.но́-гѡ
и҆.но́-е,и҆.но́-е
и҆́-но.ка,и҆́-но.ка
и҆́-но.кѡвъ,и҆́-но.кѡвъ
и҆́-но.кѡмъ,и҆́-но.кѡмъ
и҆.но́-мꙋ,и҆.но́-мꙋ
и҆.но́мъ,и҆.но́мъ
и҆.но-пле-ме́н-ни-ка,и҆.но-пле-ме́н-ни-ка
и҆.но-пле-ме́н-ни-ки,и҆.но-пле-ме́н-ни-ки
и҆.но-пле-ме́н-ни-кѡвъ,и҆.но-пле-ме́н-ни-кѡвъ
и҆.но-пле-ме́н-никъ,и҆.но-пле-ме́н-никъ
и҆.но-пле-мє́н-ни-цы,и҆.но-пле-мє́н-ни-цы
и҆.но-пле-мє́н-ни-чи,и҆.но-пле-мє́н-ни-чи
и҆.но-пле-ме́н-ныхъ,и҆.но-пле-ме́н-ныхъ
и҆-ра́.клїй,и҆-ра́.клїй
и҆́-рѡ.да,и҆́-рѡ.да
и҆-са́.ї-е,и҆-са́.ї-е
и҆-са́.ї-и,и҆-са́.ї-и
и҆-са́.ї-и-на,и҆-са́.ї-и-на
и҆-са́.ї-но,и҆-са́.ї-но
и҆-са́.ї-ныхъ,и҆-са́.ї-ныхъ
и҆-са́.ї-ѧ,и҆-са́.ї-ѧ
и҆-са́.ѵꙋ,и҆-са́.ѵꙋ
и҆-спо́л-не.на,и҆-спо́л-не.на
и҆-спо́л-не.ни,и҆-спо́л-не.ни
и҆-спо́л-не.но,и҆-спо́л-не.но
и҆-спо́л-не.нꙋ,и҆-спо́л-не.нꙋ
и҆-спо́л.ни,и҆-спо́л.ни
и҆-спо́л.нив-сѧ,и҆-спо́л.нив-сѧ
и҆-спо́л.нивъ,и҆-спо́л.нивъ
и҆-спо́л.ни-вый,и҆-спо́л.ни-вый
и҆-спо́л.ни-ла,и҆-спо́л.ни-ла
и҆-спо́л.нил-сѧ,и҆-спо́л.нил-сѧ
и҆-спо́л.нилъ,и҆-спо́л.нилъ
и҆-спо́л.нимъ,и҆-спо́л.нимъ
и҆-спо́л.ни-сѧ,и҆-спо́л.ни-сѧ
и҆-спо́л.ни-тель,и҆-спо́л.ни-тель
и҆-спо́л.ни-те-сѧ,и҆-спо́л.ни-те-сѧ
и҆-спо́л.ни-ти,и҆-спо́л.ни-ти
и҆-спо́л.ни-ти-сѧ,и҆-спо́л.ни-ти-сѧ
и҆-спо́л.нитъ,и҆-спо́л.нитъ
и҆-спо́л.ни.хом-сѧ,и҆-спо́л.ни.хом-сѧ
и҆-спо́л.них-сѧ,и҆-спо́л.них-сѧ
и҆-стрѧ́с.ше-мꙋ,и҆-стрѧ́с.ше-мꙋ
и҆.сча̑-дї-ѧ,и҆.сча̑-дї-ѧ
и҆.сче-за́-етъ,и҆.сче-за́-етъ
и҆.сче.зѐ,и҆.сче.зѐ
и҆.сче́з-нꙋтъ,и҆.сче́з-нꙋтъ
и҆.сче-зо́-ша,и҆.сче-зо́-ша
и҆.счи-та́-ет-сѧ,и҆.счи-та́-ет-сѧ
і҆-а́-кѡ.ве,і҆-а́-кѡ.ве
і҆-а́-кѡв.ли,і҆-а́-кѡв.ли
і҆-а́-кѡв.лю,і҆-а́-кѡв.лю
і҆-а́-кѡв.лѧ,і҆-а́-кѡв.лѧ
і҆-а́-кѡ.вомъ,і҆-а́-кѡ.вомъ
і҆-а́-кѡ.вꙋ,і҆-а́-кѡ.вꙋ
і҆-ам.влі́хъ,і҆-ам.влі́хъ
і҆*аⷩ҇,і҆*аⷩ҇
і҆.ан-нꙋ-а́-рї-а,і҆.ан-нꙋ-а́-рї-а
і҆.ан-нꙋ-а́-рїй,і҆.ан-нꙋ-а́-рїй
і҆-дѡ.ло-не-и́-стов-ства,і҆-дѡ.ло-не-и́-стов-ства
і҆.е-зе-кі́-и-ле-ва,і҆.е-зе-кі́-и-ле-ва
і҆.е-зе-кі́-и-лемъ,і҆.е-зе-кі́-и-лемъ
і҆.е-зе-кї-и́ль,і҆.е-зе-кї-и́ль
і҆.е́-на,і҆.е́-на
і҆.е́нъ,і҆.е́нъ
і҆.е́-ны,і҆.е́-ны
і҆.є́-ны,і҆.є́-ны
і҆.є́-нѣ,і҆.є́-нѣ
і҆.е-ра́р-ха,і҆.е-ра́р-ха
і҆.е-ра́р-хѡвъ,і҆.е-ра́р-хѡвъ
і҆.е-ра́рхъ,і҆.е-ра́рхъ
і҆.е-ра́р-ше,і҆.е-ра́р-ше
і҆.е-ра́ѯъ,і҆.е-ра́ѯъ
і҆.е-ре́-а,і҆.е-ре́-а
і҆.е-ре́-євъ,і҆.е-ре́-євъ
і҆.е-ре́.ехъ,і҆.е-ре́.ехъ
і҆.е-ре́й,і҆.е-ре́й
і҆.е-ре.мі́-а,і҆.е-ре.мі́-а
і҆.е-ре.мі́-и,і҆.е-ре.мі́-и
і҆.е-ре.мі́-ю,і҆.е-ре.мі́-ю
і҆.е-ре́-ю,і҆.е-ре́-ю
і҆.е-ро-во-а́.ма,і҆.е-ро-во-а́.ма
і҆.е-ро-во-а́мъ,і҆.е-ро-во-а́мъ
і҆.е-ро-мо-на́-ха,і҆.е-ро-мо-на́-ха
і҆.е.рѡ́нъ,і҆.е.рѡ́нъ
і҆.е.рѡ-нѵ́мъ,і҆.е.рѡ-нѵ́мъ
і҆ерⷭ҇ли́-ма,і҆.ерⷭ҇ли́-ма
і҆ерⷭ҇ли́-ме,і҆.ерⷭ҇ли́-ме
і҆ерⷭ҇ли́м-ска-гѡ,і҆.ерⷭ҇ли́м-ска-гѡ
і҆ерⷭ҇ли́-мꙋ,і҆.ерⷭ҇ли́-мꙋ
і҆ерⷭ҇ли́мъ,і҆.ерⷭ҇ли́мъ
і҆ерⷭ҇ли́-мѣ,і҆.ерⷭ҇ли́-мѣ
і҆.е-рꙋ-са-ли́-ма,і҆.е-рꙋ-са-ли́-ма
і҆.е-рꙋ-са-ли́-ме,і҆.е-рꙋ-са-ли́-ме
і҆.е-рꙋ-са-ли́мль,і҆.е-рꙋ-са-ли́мль
і҆.е-рꙋ-са-ли́м-ска-гѡ,і҆.е-рꙋ-са-ли́м-ска-гѡ
і҆.е-рꙋ-са-ли́-мꙋ,і҆.е-рꙋ-са-ли́-мꙋ
і҆.е-рꙋ-са-ли́мъ,і҆.е-рꙋ-са-ли́мъ
і҆.е-рꙋ-са-ли́-мѣ,і҆.е-рꙋ-са-ли́-мѣ
і҆.ес.се́-е-ва,і҆.ес.се́-е-ва
і҆.ес.се́.о-ва,і҆.ес.се́.о-ва
і҆*з.ра́-и.ле-вꙋ,і҆*з.ра́-и.ле-вꙋ
і҆*з.ра́-и.левъ,і҆*з.ра́-и.левъ
і҆*з.ра́-и.лє-вы,і҆*з.ра́-и.лє-вы
і҆*з.ра́-и.лє-вымъ,і҆*з.ра́-и.лє-вымъ
і҆*з.ра́-и.ле-вѣ,і҆*з.ра́-и.ле-вѣ
і҆*з.ра́-иль,і҆*з.ра́-иль
і҆*з.ра́-иль-тє-скимъ,і҆*з.ра́-иль-тє-скимъ
і҆*з.ра́-иль-те-скї-ѧ,і҆*з.ра́-иль-те-скї-ѧ
і҆*з.ра́-иль-тє-скї-ѧ,і҆*з.ра́-иль-тє-скї-ѧ
і҆*з.ра́-иль-те-стї-и,і҆*з.ра́-иль-те-стї-и
і҆*з.ра́-иль-тѧ-не,і҆*з.ра́-иль-тѧ-не
і҆*з.ра́-иль-тѧ-нинъ,і҆*з.ра́-иль-тѧ-нинъ
і҆*з.ра́-иль-тѧ-нѡмъ,і҆*з.ра́-иль-тѧ-нѡмъ
і҆*з.ра́-и.лю,і҆*з.ра́-и.лю
і҆*з.ра́-и.лѧ,і҆*з.ра́-и.лѧ
і҆*з.ра́-ї.лѧ,і҆*з.ра́-ї.лѧ
і҆и҃ле.ви,і҆и҃ле.ви
і҆.и-сꙋ́-са,і҆.и-сꙋ́-са
і҆.и-сꙋ́-се,і҆.и-сꙋ́-се
і҆.и-сꙋ́-сꙋ,і҆.и-сꙋ́-сꙋ
і҆.и-сꙋ́съ,і҆.и-сꙋ́съ
і҆.и.ꙋ́й,і҆.и.ꙋ́й
і҆.ла́-рї-а,і҆.ла́-рї-а
і҆.ла́-рїй,і҆.ла́-рїй
і҆н-но.ке́н-тї-а,і҆н-но.ке́н-тї-а
і҆н-но.ке́н-тї-е,і҆н-но.ке́н-тї-е
і҆.ѡ.а́-вꙋ,і҆.ѡ.а́-вꙋ
і҆.ѡ.а́въ,і҆.ѡ.а́въ
і҆.ѡ.а́дъ,і҆.ѡ.а́дъ
і҆.ѡ-а-кі́-ма,і҆.ѡ-а-кі́-ма
і҆.ѡ-а-кі́мъ,і҆.ѡ-а-кі́мъ
і҆.ѡ.а́н-на,і҆.ѡ.а́н-на
і҆.ѡ.а́н-не,і҆.ѡ.а́н-не
і҆.ѡ.ан-ні́-кїй,і҆.ѡ.ан-ні́-кїй
і҆.ѡ.а́н-но-ва,і҆.ѡ.а́н-но-ва
і҆.ѡ.а́н-но-во,і҆.ѡ.а́н-но-во
і҆.ѡ.а́н-номъ,і҆.ѡ.а́н-номъ
і҆.ѡ.а́н-нꙋ,і҆.ѡ.а́н-нꙋ
і҆.ѡ.а́ннъ,і҆.ѡ.а́ннъ
і҆.ѡ.а́н-нѣ,і҆.ѡ.а́н-нѣ
і҆.ѡ.а-са́-фа,і҆.ѡ.а-са́-фа
і҆.ѡ.а-са́-фе,і҆.ѡ.а-са́-фе
і҆.ѡ.а-са́*фъ,і҆.ѡ.а-са́*фъ
і҆.ѡ.а́съ,і҆.ѡ.а́съ
і҆́.ѡ-ва,і҆́.ѡ-ва
і҆́.ѡ.ве,і҆́.ѡ.ве
і҆́.ѡ.вꙋ,і҆́.ѡ.вꙋ
і҆́.ѡвъ,і҆́.ѡвъ
і҆.ѡ-и́ль,і҆.ѡ-и́ль
і҆.ѡ́-на,і҆.ѡ́-на
і҆.ѡ-на-ѳа́-на,і҆.ѡ-на-ѳа́-на
і҆.ѡ-на-ѳа́-нꙋ,і҆.ѡ-на-ѳа́-нꙋ
і҆.ѡ-на-ѳа́нъ,і҆.ѡ-на-ѳа́нъ
і҆.ѡ́-ни-но,і҆.ѡ́-ни-но
і҆.ѡ́-но,і҆.ѡ́-но
і҆.ѡ́-но-ю,і҆.ѡ́-но-ю
і҆.ѡ́-нꙋ,і҆.ѡ́-нꙋ
і҆.ѡ́-ны,і҆.ѡ́-ны
і҆.ѡ́-нѣ,і҆.ѡ́-нѣ
і҆.ѡ.ра́мъ,і҆.ѡ.ра́мъ
і҆.ѡ.са-фа́тъ,і҆.ѡ.са-фа́тъ
і҆.ѡ́-си-фа,і҆.ѡ́-си-фа
і҆.ѡ́-си-фе,і҆.ѡ́-си-фе
і҆.ѡ́-си-фо.во,і҆.ѡ́-си-фо.во
і҆.ѡ́-си-фомъ,і҆.ѡ́-си-фомъ
і҆.ѡ́-си-фꙋ,і҆.ѡ́-си-фꙋ
і҆.ѡ́-си*фъ,і҆.ѡ́-си*фъ
і҆.ѡ-сі́-а,і҆.ѡ-сі́-а
і҆.ѡ-сі́-и,і҆.ѡ-сі́-и
і҆.ѡ-сі́й,і҆.ѡ-сі́й
і҆-ри.на́рхъ,і҆-ри.на́рхъ
і҆р-мо.со́мъ,і҆р-мо.со́мъ
і҆р-мо.сы̀,і҆р-мо.сы̀
і҆-сі́-дѡ.ре,і҆-сі́-дѡ.ре
і҆-сма́-и.ла,і҆-сма́-и.ла
і҆.ꙋ-ве-на́-лїй,і҆.ꙋ-ве-на́-лїй
і҆.ꙋ.вен-ті́нъ,і҆.ꙋ.вен-ті́нъ
і҆.ꙋ́-да,і҆.ꙋ́-да
і҆.ꙋ-де́-а,і҆.ꙋ-де́-а
і҆.ꙋ-де́-є,і҆.ꙋ-де́-є
і҆.ꙋ-де́-ємъ,і҆.ꙋ-де́-ємъ
і҆.ꙋ-де́-и,і҆.ꙋ-де́-и
і҆.ꙋ-дє́-и,і҆.ꙋ-дє́-и
і҆.ꙋ.дє́й,і҆.ꙋ.дє́й
і҆.ꙋ-де́й-ска,і҆.ꙋ-де́й-ска
і҆.ꙋ-де́й-скїй,і҆.ꙋ-де́й-скїй
і҆.ꙋ.дє́й-скї-ѧ,і҆.ꙋ.дє́й-скї-ѧ
і҆.ꙋ-де́й-стѣмъ,і҆.ꙋ-де́й-стѣмъ
і҆.ꙋ-де́-ѡмъ,і҆.ꙋ-де́-ѡмъ
і҆.ꙋ-де́-ю,і҆.ꙋ-де́-ю
і҆.ꙋ́-ди-на,і҆.ꙋ́-ди-на
і҆.ꙋ́-ди-нꙋ,і҆.ꙋ́-ди-нꙋ
і҆.ꙋ́-динъ,і҆.ꙋ́-динъ
і҆.ꙋ̑-ди-ны,і҆.ꙋ̑-ди-ны
і҆.ꙋ́-ди-ныхъ,і҆.ꙋ́-ди-ныхъ
і҆.ꙋ́-ди-нѣ,і҆.ꙋ́-ди-нѣ
і҆.ꙋ-ді́ѳъ,і҆.ꙋ-ді́ѳъ
і҆.ꙋ́-до,і҆.ꙋ́-до
і҆.ꙋ́-до-ва,і҆.ꙋ́-до-ва
і҆.ꙋ́-дꙋ,і҆.ꙋ́-дꙋ
і҆.ꙋ́-ды,і҆.ꙋ́-ды
і҆.ꙋ́-дѣ,і҆.ꙋ́-дѣ
і҆.ꙋ́-лї-а,і҆.ꙋ́-лї-а
і҆.ꙋ.лї-а-ні́-а,і҆.ꙋ.лї-а-ні́-а
і҆.ꙋ.лї-а́нъ,і҆.ꙋ.лї-а́нъ
і҆.ꙋ́-лїй,і҆.ꙋ́-лїй
і҆.ꙋ́-нї-а,і҆.ꙋ́-нї-а
і҆.ꙋ́-нїй,і҆.ꙋ́-нїй
і҆.ꙋ-сті́-на,і҆.ꙋ-сті́-на
і҆.ꙋ-стї-нї-а́нъ,і҆.ꙋ-стї-нї-а́нъ
і҆.ꙋ-сті́нъ,і҆.ꙋ-сті́нъ
і҆.ꙋ́стъ,і҆.ꙋ́стъ
ка-за́х.ска-ѧ,ка-за́х.ска-ѧ
ка-за́х.скихъ,ка-за́х.скихъ
ка-за́х.скїй,ка-за́х.скїй
ка-за́х.скї-ѧ,ка-за́х.скї-ѧ
ка-зах.ста́нъ,ка-зах.ста́нъ
ка́.їнъ,ка́.їнъ
ка-л*і́-са,ка-л*і́-са
ка-лꙋ́*фъ,ка-лꙋ́*фъ
кам-па́нъ,ка.м*па́нъ
ка*м-ча́т-скїй,ка*м-ча́т-скїй
ка-нѡ́.на,ка-нѡ́.на
ка-нѡ́.нѡвъ,ка-нѡ́.нѡвъ
ка-нѡ́.ны,ка-нѡ́.ны
ка-пе.тѡ-лі́-на,ка-пе.тѡ-лі́-на
ка́.плю,ка́.плю
ка́.плютъ,ка́.плютъ
ка-стрі́.хїй,ка-стрі́.хїй
ка-та.ва́-сї-а,ка-та.ва́-сї-а
ка-та.ва́-сї-ѧ,ка-та.ва́-сї-ѧ
ка-ѳі́.сма,ка-ѳі́.сма
ка-ѳі́.сма-ми,ка-ѳі́.сма-ми
ка-ѳі́.смахъ,ка-ѳі́.смахъ
ка-ѳі́.смо-ю,ка-ѳі́.смо-ю
ка-ѳі́.смꙋ,ка-ѳі́.смꙋ
ка-ѳі́.смѣ,ка-ѳі́.смѣ
кє́л.лї-и,кє́л.лї-и
кир.ги́-зї-а,кир.ги́-зї-а
кир.ги́з-ска-гѡ,кир.ги́з-ска-гѡ
кир.ги́з-скихъ,кир.ги́з-скихъ
кир.ги́з-скїй,кир.ги́з-скїй
кир.ги́з-стї-и,кир.ги́з-стї-и
кі́-и.ми,кі́-и.ми
кїн-тї-лї.а́нъ,кїн-тї-лї.а́нъ
кла́-дѧзь,кла́-дѧ.зь
кла́-дѧ.зѧ,кла́-дѧ.зѧ
кла́-нѧ.ем-сѧ,кла́-нѧ.ем-сѧ
кла́-нѧ.ти-сѧ,кла́-нѧ.ти-сѧ
кла́-нѧ.ю-щым-сѧ,кла́-нѧ.ю-щым-сѧ
кле-о-па́.тра,кле-о-па́.тра
клѧ́*т.ва,клѧ́*т.ва
клѧ́*т.вен-на-гѡ,клѧ́*т.вен-на-гѡ
клѧ́т.во-ю,клѧ́т.во-ю
клѧ́т.вꙋ,клѧ́т.вꙋ
клѧ́т.вы,клѧ́т.вы
к*ни́.га,к*ни́.га
к*ни́.ги,к*ни́.ги
к*ни́.гꙋ,к*ни́.гꙋ
к*ни́гъ,к*ни́гъ
к*ни́ж-ни-ки,к*ни́ж-ни-ки
к*ни̑ж-никъ,к*ни̑ж-никъ
к*ни́ж-ни-цы,к*ни́ж-ни-цы
к*ни́-зѣ,к*ни́-зѣ
к*нѧ-ги́-не,к*нѧ-ги́-не
к*нѧ-ги́-ни,к*нѧ-ги́-ни
к*нѧ-ги́-нѧ,к*нѧ-ги́-нѧ
к*нѧ́-же,к*нѧ́-же
кнѧ.зє́мъ,кнѧ.зє́мъ
к*нѧ́-зи,к*нѧ́-зи
к*нѧ́зь,к*нѧ́зь
к*нѧ́-зю,к*нѧ́-зю
к*нѧ́.зѧ,к*нѧ́.зѧ
ко.вче́-га,ко.вче́-га
ко.вче́гъ,ко.вче́гъ
ко.вче́-же,ко.вче́-же
ко-е.гѡ́-ждо,ко-е.гѡ́-ждо
ко-е.мꙋ́-ждо,ко-е.мꙋ́-ждо
коз.ла̀,коз.ла̀
ко́*з.ней,ко́*з.ней
кѡ́*з.ни,кѡ́*з.ни
к*о́зъ,к*о́зъ
ко.і́нтъ,ко.і́нтъ
ко-ле́б.ле-мꙋ-ю,ко-ле́б.ле-мꙋ-ю
ко-лос.са́-ємъ,ко-лос.са́-ємъ
кон.ко́р-дї-а,кон.ко́р-дї-а
кон.ко́р-дїй,кон.ко́р-дїй
кѡн-стан-ті́-н*ꙋ,кѡн-стан-ті́-н*ꙋ
кон.цꙋ̀,кон.цꙋ̀
кон.цѣ̀,кон.цѣ̀
ко-рі́н.ѳѧ-нѡмъ,ко-рі́н.ѳѧ-нѡмъ
ко́р*м-чїй,ко́р*м-чїй
ко́р*м-чї-ю,ко́р*м-чї-ю
кѡ.ры́-сти,кѡ.ры́-сти
ко*с.не́т-сѧ,ко*с.не́т-сѧ
кра-е.сѣ-ко́-мый,кра-е.сѣ-ко́-мый
кра-е.ꙋ-го́ль-на-гѡ,кра-е.ꙋ-го́ль-на-гѡ
кра-е.ꙋ-го́ль-ный,кра-е.ꙋ-го́ль-ный
кра-е.гра-не́-сї-е,кра-е.гра-не́-сї-е
кра-е.стро́-чї-е,кра-е.стро́-чї-е
кра̑*с.на-ѧ,кра̑*с.на-ѧ
кра̑*с.ны,кра̑*с.ны
кра-со.ты̑,кра-со.ты̑
кра-сѡ.ты̀,кра-сѡ.ты̀
кро́*т.кимъ,кро́*т.кимъ
кро́*т.кихъ,кро́*т.кихъ
кро́*т.кїй,кро́*т.кїй
крѡ́*т.кї-ѧ,крѡ́*т.кї-ѧ
кро́*т.ко-мꙋ,кро́*т.ко-мꙋ
кро́т.цы-и,кро́т.цы-и
крⷭ҇то-ѻ.б*ра́з-нѡ,крⷭ҇то-ѻ.б*ра́з-нѡ
крⷭ҇то-ѻ.б*ра́з-ны-ми,крⷭ҇то-ѻ.б*ра́з-ны-ми
крѣ́п.ка,крѣ́п.ка
крѣ́п.ка-гѡ,крѣ́п.ка-гѡ
крѣ́п.ка-ѧ,крѣ́п.ка-ѧ
крѣ́п.кимъ,крѣ́п.кимъ
крѣ́п.кихъ,крѣ́п.кихъ
крѣ́п.кїй,крѣ́п.кїй
крѣ̑*п.кї-ѧ,крѣ̑*п.кї-ѧ
крѣ́п.ко,крѣ́п.ко
крѣ́п.кѡ,крѣ́п.кѡ
крѣ́п.ко-е,крѣ́п.ко-е
крѣ́п.ко-мꙋ,крѣ́п.ко-мꙋ
крѣ́п.ко-ю,крѣ́п.ко-ю
крѣ́п.кꙋ-ю,крѣ́п.кꙋ-ю
кꙋ-мі́.ры,кꙋ-мі́.ры
кꙋ́.плю,кꙋ́.плю
кꙋ-стѡ.ді́-е-ю,кꙋ-стѡ.ді́-е-ю
кꙋ-стѡ.ді́-и,кꙋ-стѡ.ді́-и
кы.зы-л*ѻр-да̀,кы.зы-л*ѻр-да̀
ла́.коть,ла́.коть
ле́.г*кїй,ле́.г*кїй
ле́.г*ко-е,ле́.г*ко-е
лест.ца̀,лест.ца̀
ле.ѵ*і́-ти,ле.ѵ*і́-ти
ле.ѵ*і́-тѡвъ,ле.ѵ*і́-тѡвъ
ле.ѵ*і́-тѡмъ,ле.ѵ*і́-тѡмъ
ле.ѵ*і́тъ,ле.ѵ*і́тъ
ле.ѵ*і́-ты,ле.ѵ*і́-ты
леѵ.кі́й,леѵ.кі́й
л*жа̀,л*жа̀
л*жѝ,л*жѝ
л*жи̑-вы-ѧ,л*жи̑-вы-ѧ
л*жꙋ̀,л*жꙋ̀
л*жꙋ́-ще,л*жꙋ́-ще
ли̑.ка,ли̑.ка
ли̑.ки,ли̑.ки
ли-ков.ство-ва́-хꙋ,ли-ков.ство-ва́-хꙋ
ли-ков.ствꙋ́-етъ,ли-ков.ствꙋ́-етъ
ли-ков.ствꙋ́-имъ,ли-ков.ствꙋ́-имъ
ли-ков.ствꙋ́-ютъ,ли-ков.ствꙋ́-ютъ
ли-ков.ствꙋ́-ю-ще,ли-ков.ствꙋ́-ю-ще
ли-ков.ствꙋ́-ѧ,ли-ков.ствꙋ́-ѧ
ли-це.мѣ́-ри,ли-це.мѣ́-ри
лі́.вꙋ,лі́.вꙋ
ло́.б*нѣмъ,ло́.б*нѣмъ
ло-ви́т.вꙋ,ло-ви́т.вꙋ
ло-ви́т.вы,ло-ви́т.вы
ло*в.лє́-нї-ѧ,ло*в.лє́-нї-ѧ
ло*в-цы̀,ло*в-цы̀
ль*ва̀,ль*ва̀
ль*вѡ́въ,ль*вѡ́въ
ль*во́-вымъ,ль*во́-вымъ
ль*сте́цъ,ль*сте́цъ
ль*стѝ,ль*стѝ
ль*сти́-ва-гѡ,ль*сти́-ва-гѡ
ль*сти̑-ва-ѧ,ль*сти̑-ва-ѧ
ль*сти́-вый,ль*сти́-вый
лѣ̑т.ны-ѧ,лѣ̑т.ны-ѧ
лю.б*вѐ,лю.б*вѐ
лю.бвѝ,лю.бвѝ
лю.б*ле́-нї-емъ,лю.б*ле́-нї-емъ
лю.б*лю̀,лю.б*лю̀
лю.б*лѧ́-ше,лю.б*лѧ́-ше
лю-бо-мꙋ́*д.рї-ѧ,лю-бо-мꙋ́*д.рї-ѧ
лю́.та-го,лю́.та-го
лю́.то-е,лю́.то-е
лю́.тꙋ-ю,лю́.тꙋ-ю
лю́.тый,лю́.тый
лю́.ты-ми,лю́.ты-ми
лю́.тымъ,лю́.тымъ
лю́.тыхъ,лю́.тыхъ
лю́.ты-ѧ,лю́.ты-ѧ
лю́.тѣ,лю́.тѣ
лѷ-ка.рї-ѡ́нъ,лѷ-ка.рї-ѡ́нъ
ма-нас.сі́-а,ма-нас.сі́-а
ма-нас.сі́-и-на,ма-нас.сі́-и-на
ма-нѡ́.е,ма-нѡ́.е
ма́р.ка,ма́р.ка
ма́р.кѣ,ма́р.кѣ
ма-т*ѳе́-а,ма-т*ѳе́-а
ма-т*ѳе́-е,ма-т*ѳе́-е
ма-т*ѳе́й,ма-т*ѳе́й
ма-т*ѳі́-е,ма-т*ѳі́-е
ма-т*ѳі́й,ма-т*ѳі́й
ма-ѯї-мї-лї.а́нъ,ма-ѯї-мї-лї.а́нъ
мг*ло́-ю,мг*ло́-ю
ме.д*лен-но-ѧ-зы́ч-но-мꙋ,ме.д*лен-но-ѧ-зы́ч-но-мꙋ
ме.д*лен-но-ѧ-зы́ч-ный,ме.д*лен-но-ѧ-зы́ч-ный
мел-хї-се.де́-ко-вꙋ,мел-хї-се.де́-ко-вꙋ
ме.нѐ,ме.нѐ
ме.ні́*гнъ,ме.ні́*гнъ
ме́р.тва,ме́р.тва
ме́р.тва.го,ме́р.тва.го
ме́р.твен-но-е,ме́р.твен-но-е
ме́р.твенъ,ме́р.твенъ
мер.тве-ца̀,мер.тве-ца̀
мер.тве-цы̀,мер.тве-цы̀
мер.тве-цѣ́хъ,мер.тве-цѣ́хъ
ме́р.твї-и,ме́р.твї-и
ме́р.тво-сти,ме́р.тво-сти
ме́р.твость,ме́р.твость
мє́р.твы,мє́р.твы
ме́р.твый,ме́р.твый
ме́р.твы-ми,ме́р.твы-ми
мє́р.твымъ,мє́р.твымъ
ме́р.твыхъ,ме́р.твыхъ
ме́р.твы-ѧ,ме́р.твы-ѧ
мє́р.твы-ѧ,мє́р.твы-ѧ
мес.сі́-а,мес.сі́-а
ме.т*не́-нї-емъ,ме.т*не́-нї-емъ
ме*ч.та́в-сѧ,ме*ч.та́в-сѧ
ме*ч.та́-нї-е,ме*ч.та́-нї-е
ме*ч.та́-нї-емъ,ме*ч.та́-нї-емъ
ме*ч.та́-нїй,ме*ч.та́-нїй
ме*ч.та́-нї-ѧ,ме*ч.та́-нї-ѧ
ме*ч.та̑-нї-ѧ,ме*ч.та̑-нї-ѧ
ме́.ѯї-ка,ме́.ѯї-ка
м*зда̀,м*зда̀
мз*до́-ю,мз*до́-ю
мз*дꙋ̀,мз*дꙋ̀
ми́-лѡ.сти,ми́-лѡ.сти
ми́-ло-сты.не-ю,ми́-ло-сты.не-ю
ми́-ло-сты.ни,ми́-ло-сты.ни
ми́-ло-сты.ню,ми́-ло-сты.ню
ми́.лѡ.тї-ю,ми́.лѡ.тї-ю
ми́.лѡть,ми́.лѡть
мі́.ра,мі́.ра
мі́.ро-ви,мі́.ро-ви
мї.ро-де́р*ж.ца,мї.ро-де́р*ж.ца
мі́.рꙋ,мі́.рꙋ
мі́.рѣ,мі́.рѣ
мла-де́н.ца,мла-де́н.ца
мла-де́н.цы,мла-де́н.цы
млⷣнца,млⷣн.ца
мл҃тва.ми,мл҃тва.ми
м*ни́т-сѧ,м*ни́т-сѧ
м*ни́тъ,м*ни́тъ
м*нѡ́.га,м*нѡ́.га
м*нѡ́.га-ѧ,м*нѡ́.га-ѧ
мно́-ги.ми,мно́-ги.ми
м*нѡ́.гї-ѧ,м*нѡ́.гї-ѧ
м*но-го-воз-ды-ха́-ю-щї-ѧ,м*но-го-воз-ды-ха́-ю-щї-ѧ
м*но-го-ми́-ло-сти-ве,м*но-го-ми́-ло-сти-ве
м*но-го-ми́-ло-стивъ,м*но-го-ми́-ло-стивъ
м*но.го-ѡб-ра́з-ныхъ,м*но.го-ѡб-ра́з-ныхъ
м*но.го-ѡ.чи́-тї-и,м*но.го-ѡ.чи́-тї-и
м*но-го-пѣ́-тꙋ-ю,м*но-го-пѣ́-тꙋ-ю
м*но-го-стра-да́ль-че-ска-ѧ,м*но-го-стра-да́ль-че-ска-ѧ
м*но-го-бо́-жї-ѧ,м*но-го-бо́-жї-ѧ
м*но-го-бо́ж-нꙋ-ю,м*но-го-бо́ж-нꙋ-ю
м*но-го-ко́з.нен-на-го,м*но-го-ко́з.нен-на-го
м*но-го-лѣ́т-на,м*но-го-лѣ́т-на
м*но-го-млⷭ҇ти-ве,м*но-го-млⷭ҇ти-ве
м*но-го-млⷭ҇тивъ,м*но-го-млⷭ҇тивъ
м*но-го-пле-тє́н-ны-ѧ,м*но-го-пле-тє́н-ны-ѧ
м*но-го-пѣ́-та-ѧ,м*но-го-пѣ́-та-ѧ
м*но-го-свѣ́т-ла-ѧ,м*но-го-свѣ́т-ла-ѧ
м*но-го-свѣ́т-лый,м*но-го-свѣ́т-лый
м*но-го-стра-да́ль-на-ѧ,м*но-го-стра-да́ль-на-ѧ
м*но-го-стра-да́ль-не,м*но-го-стра-да́ль-не
м*но-го-цѣ-ле́б-ныхъ,м*но-го-цѣ-ле́б-ныхъ
м*но-го-цѣ́н-но-е,м*но-го-цѣ́н-но-е
м*но-го-цѣ́н-ный,м*но-го-цѣ́н-ный
м*но-го-цѣ́н-ныхъ,м*но-го-цѣ́н-ныхъ
м*нѡ́.же-ства,м*нѡ́.же-ства
м*нѣ̀,м*нѣ̀
м*нѣ́-нї-е,м*нѣ́-нї-е
м*нѣ́-нї-емъ,м*нѣ́-нї-емъ
м*нѣ́-нї-ѧ,м*нѣ́-нї-ѧ
м*нѣ́-ти,м*нѣ́-ти
м*нѧ́т-сѧ,м*нѧ́т-сѧ
м*нѧ́тъ,м*нѧ́тъ
м*нѧ́-хꙋ,м*нѧ́-хꙋ
м*нѧ́-хꙋ-сѧ,м*нѧ́-хꙋ-сѧ
м*нѧ́-ше,м*нѧ́-ше
м*нѧ́-щї-ѧ,м*нѧ́-щї-ѧ
мѡ.а́в.ли,мѡ.а́в.ли
мѡ.а́въ,мѡ.а́въ
мо́.крен-ны-ми,мо́.крен-ны-ми
мол.вꙋ̀,мол.вꙋ̀
мол.вѣ̀,мол.вѣ̀
мо-ли́-тва,мо-ли́*т.ва
мо-ли́-тва.ми,мо-ли́*т.ва.ми
мо-ли́-твахъ,мо-ли́*т.вахъ
мо-ли́-твен-ни-ка,мо-ли́*т.вен-ни-ка
мо-ли́-твен-никъ,мо-ли́*т.вен-никъ
мо-ли́-твен-ни-цꙋ,мо-ли́*т.вен-ни-цꙋ
мо-ли́-твєн-ни-цы,мо-ли́т.вєн-ни-цы
мо-ли́-твен-ни-че,мо-ли́*т.вен-ни-че
мо-ли́-твен-нѡ,мо-ли́*т.вен-нѡ
мо-ли́-тво-ю,мо-ли́т.во-ю
мо-ли́-твꙋ,мо-ли́т.вꙋ
мо-ли́-твы,мо-ли́т.вы
мо-ли̑-твы,мо-ли̑*т.вы
мѡ.ли́-твы,мѡ.ли́т.вы
мо-ли́-твѣ,мо-ли́т.вѣ
мо-ли́.ти-ми-сѧ,мо-ли́.ти-ми-сѧ
мо́.ли-ши,мо́.ли-ши
мо́.ли-ши-сѧ,мо́.ли-ши-сѧ
мо-лѧ́-щи*х.ти-сѧ,мо-лѧ́-щи*х.ти-сѧ
мо.сква̀,мо.сква̀
мо.сквѣ̀,мо.сквѣ̀
мо.ско́в-ска-гѡ,мо.ско́в-ска-гѡ
мо.ско́в-скихъ,мо.ско́в-скихъ
мо.ско́в-ско-е,мо.ско́в-ско-е
мо.ско́в-ско-мꙋ,мо.ско́в-ско-мꙋ
мѡ́.щи,мѡ́.щи
мѡ.ѷ-се́-а,мѡ.ѷ-се́-а
мѡ.ѷ.се́-е,мѡ.ѷ.се́-е
мѡ.ѷ.се́-емъ,мѡ.ѷ.се́-емъ
мѡ.ѷ.се́й,мѡ.ѷ.се́й
мѡ.ѷ.се́й-ски,мѡ.ѷ.се́й-ски
мѡ.ѷ.се́й-скїй,мѡ.ѷ.се́й-скїй
мѡ.ѷ-сє́й-скї-ѧ,мѡ.ѷ-сє́й-скї-ѧ
мѡ.ѷ.се́й-скꙋ-ю,мѡ.ѷ.се́й-скꙋ-ю
мѡ.ѷ.се́.о-ва,мѡ.ѷ.се́.о-ва
мѡ.ѷ.се́.о-ви,мѡ.ѷ.се́.о-ви
мѡ.ѷ.се́.о-во-ю,мѡ.ѷ.се́.о-во-ю
мѡ.ѷ.се́.овъ,мѡ.ѷ.се́.овъ
мѡ.ѷ.се́.о-вы-ма,мѡ.ѷ.се́.о-вы-ма
мѡ.ѷ.се́.о-вымъ,мѡ.ѷ.се́.о-вымъ
мѡ.ѷ.се́.омъ,мѡ.ѷ.се́.омъ
мѡ.ѷ.се́-ю,мѡ.ѷ.се́-ю
м*чⷭ҇ный,м*чⷭ҇ный
мꙋ́.дрї-и,мꙋ́.дрї-и
мꙋ-сї.кі̑й-скимъ,мꙋ-сї.кі̑й-скимъ
мꙋ-че.ни-ко-лю́б-цы,мꙋ-че.ни-ко-лю́б-цы
мы́.слєн-на-ѧ,мы́.слєн-на-ѧ
мы́.слєн-нымъ,мы́.слєн-нымъ
мы́.слєн-ны-ѧ,мы́.слєн-ны-ѧ
мы́-сли.мо-е,мы́-сли.мо-е
мы-та́р*ствъ,мы-та́р*ствъ
мы́ш.ца,мы́ш.ца
мы́ш.цꙋ,мы́ш.цꙋ
м*ѧ-са̀,м*ѧ-са̀
мѵ́.ра,мѵ́.ра
мѵ̑.ра,мѵ̑.ра
мѵ́.ро,мѵ́.ро
мѵ́.ромъ,мѵ́.ромъ
мѵ́.рѡнъ,мѵ́.рѡнъ
мѵ́.ры,мѵ́.ры
мѵ́.рѣхъ,мѵ́.рѣхъ
мѷ.гдо́-нїй,мѷ.гдо́-нїй
мѷ-ро-нѡ́.си-цы,мѷ-ро-нѡ́.си-цы
на-ве.д*ѐ,на-ве.д*ѐ
на-ве.дꙋ̀,на-ве.дꙋ̀
на́-ве-че.рї-е,на́-ве-че.рї-е
на́-ве-че.рї-и,на́-ве-че.рї-и
на-вꙋ.хо-до-но́-со-ра,на-вꙋ.хо-до-но́-со-ра
на-вꙋ.хо-до-но́-соръ,на-вꙋ.хо-до-но́-соръ
на-вы́.к*ни-те,на-вы́.к*ни-те
на-де́.ждѣ,на-де́.ждѣ
на.з*да́в-ша-ѧ,на.з*да́в-ша-ѧ
на.з*да́-нї-е,на.з*да́-нї-е
на.з*на́-ме-нꙋ-ѧ,на.з*на́-ме-нꙋ-ѧ
на-зѡ.ре́-а,на-зѡ.ре́-а
на-по.ѝ,на-по.ѝ
на.по.и́-ла,на.по.и́-ла
на.по.и́лъ,на.по.и́лъ
на.по.и́-ша,на.по.и́-ша
на-по́л.ни-сѧ,на-по́л.ни-сѧ
на-по.слѣ́-докъ,на-по.слѣ́-докъ
на-ри.ца́-е-мый,на-ри.ца́-е-мый
на-ри.ца́-ет-сѧ,на-ри.ца́-ет-сѧ
на-ри.ца́-етъ,на-ри.ца́-етъ
на-ри.ца́-ти,на-ри.ца́-ти
на-ри.ца́-ю-ще,на-ри.ца́-ю-ще
на.са-дѝ,на.са-дѝ
на.са-ди́лъ,на.са-ди́лъ
на.са-ди́-сѧ,на.са-ди́-сѧ
на.са-ди́-те-лю,на.са-ди́-те-лю
на-слѣ́д-ни.кѣ,на-слѣ́д-ни.кѣ
на-ста̑*в-ни-цы,на-ста̑*в-ни-цы
на.ꙋ́-трї-е,на.ꙋ́-трї-е
на.хо.дѧ̑-ща-ѧ,на.хо.дѧ̑-ща-ѧ
на.хо.дѧ́-щихъ,на.хо.дѧ́-щихъ
на.хо.дѧ́-щы-ѧ,на.хо.дѧ́-щы-ѧ
на.хо.жде́-нїй,на.хо.жде́-нїй
на.хо.жде́-нї-ѧ,на.хо.жде́-нї-ѧ
нач.не́мъ,нач.не́мъ
на.ѵи́-на,на.ѵи́-на
на.ѵи́нъ,на.ѵи́нъ
н*б҃о,н*б҃о
н*б҃са̀,н*б҃са̀
н*б҃сѐ,н*б҃сѐ
н*б҃сє́мъ,н*б҃сє́мъ
н*б҃сѝ,н*б҃сѝ
н*бⷭ҇на.го,н*бⷭ҇на.го
н*бⷭ҇на.гѡ,н*бⷭ҇на.гѡ
н*бⷭ҇на.ѧ,н*бⷭ҇на.ѧ
н*бⷭ҇нї-и,н*бⷭ҇нї-и
н*бⷭ҇но-е,н*бⷭ҇но-е
н*бⷭ҇но-мꙋ,н*бⷭ҇но-мꙋ
н*бⷭ҇но-ю,н*бⷭ҇но-ю
н*бⷭ҇нꙋ-ю,н*бⷭ҇нꙋ-ю
н*бⷭ҇ный,н*бⷭ҇ный
н*бⷭ҇ны-ми,н*бⷭ҇ны-ми
н*бⷭ҇нымъ,н*бⷭ҇нымъ
н*бⷭ҇ныхъ,н*бⷭ҇ныхъ
н*бⷭ҇ны-ѧ,н*бⷭ҇ны-ѧ
н*бⷭ҇нѣй,н*бⷭ҇нѣй
н*бⷭ҇нѣмъ,н*бⷭ҇нѣмъ
н*б҃съ,н*б҃съ
н*б҃сѣ́хъ,н*б҃сѣ́хъ
не-бе*с.ныхъ,не-бе*с.ныхъ
не-бла́з.нен-ной,не-бла́з.нен-ной
не-бла́з.нен-ный,не-бла́з.нен-ный
не.вла́ж-нѡ,не.вла́ж-нѡ
не.вла́ж-ны-ми,не.вла́ж-ны-ми
не-вре-ди̑.мы,не-вре-ди̑.мы
не-вѣ̑.до-ма-ѧ,не-вѣ̑.до-ма-ѧ
не-ги́.б*ле-мы-ѧ,не-ги́.б*ле-мы-ѧ
не́.гли,не́.гли
не.дви́-жи-мо-е,не.дви́-жи-мо-е
не.дви́-жи-момъ,не.дви́-жи-момъ
не.дви́-жи-мꙋ,не.дви́-жи-мꙋ
не.дви́-жи-мѣмъ,не.дви́-жи-мѣмъ
не-до.ꙋ-ме-ва́-ю-щым-сѧ,не-до.ꙋ-ме-ва́-ю-щым-сѧ
не-до.ꙋ-мѣ-ва́-ю-щым-сѧ,не-до.ꙋ-мѣ-ва́-ю-щым-сѧ
не-до.ꙋ-мѣ́-є-мымъ,не-до.ꙋ-мѣ́-є-мымъ
не-до.ꙋ-мѣ́-етъ,не-до.ꙋ-мѣ́-етъ
не-до.ꙋ-мѣ́-нї-е,не-до.ꙋ-мѣ́-нї-е
не-д*ре́м-лю-ще-е,не-д*ре́м-лю-ще-е
не-за.хо.ди́-ма-го,не-за.хо.ди́-ма-го
не-за.хо.ди́-ма-гѡ,не-за.хо.ди́-ма-гѡ
не-за.хо.ди́-мо-е,не-за.хо.ди́-мо-е
не-за.хо.ди́-мо-мꙋ,не-за.хо.ди́-мо-мꙋ
не-за.хо.ди́-мый,не-за.хо.ди́-мый
не-за.хо.ди́-мымъ,не-за.хо.ди́-мымъ
не-за.хо.ди́-мыхъ,не-за.хо.ди́-мыхъ
не-за.хо.дѧ́й,не-за.хо.дѧ́й
не-зы́б-ле-мо-е,не-зы́.б*ле-мо-е
не-и*з.ре.че́н-на,не-и*з.ре.че́н-на
не-и*з.ре.че́н-на-гѡ,не-и*з.ре.че́н-на-гѡ
не-и*з.ре.че́н-на-ѧ,не-и*з.ре.че́н-на-ѧ
не-и*з.ре.чє́н-на-ѧ,не-и*з.ре.чє́н-на-ѧ
не-и*з.ре.че́н-но,не-и*з.ре.че́н-но
не-и*з.ре.че́н-нѡ,не-и*з.ре.че́н-нѡ
не-и*з.ре.че́н-но-е,не-и*з.ре.че́н-но-е
не-и*з.ре.че́н-но-мꙋ,не-и*з.ре.че́н-но-мꙋ
не-и*з.ре.че́н-но-ю,не-и*з.ре.че́н-но-ю
не-и*з.ре.че́н-нꙋ,не-и*з.ре.че́н-нꙋ
не-и*з.ре.че́н-нꙋ-ю,не-и*з.ре.че́н-нꙋ-ю
не-и*з.ре.че́н-ный,не-и*з.ре.че́н-ный
не-и*з.ре.че́н-нымъ,не-и*з.ре.че́н-нымъ
не-и*з.ре.че́н-ныхъ,не-и*з.ре.че́н-ныхъ
не-и*з.ре.че́н-ны-ѧ,не-и*з.ре.че́н-ны-ѧ
не-и*з.ре.че́н-нѣй,не-и*з.ре.че́н-нѣй
не-и*с.цѣ́ль-нѡ,не-и*с.цѣ́ль-нѡ
не-и*с.цѣ̑ль-ны-ѧ,не-и*с.цѣ̑ль-ны-ѧ
не-ис.чер-па́-е-мый,не-ис.чер-па́-е-мый
не-ли-це.мѣ́-ренъ,не-ли-це.мѣ́-ренъ
не-ли-це.мѣ́р-нꙋ,не-ли-це.мѣ́р-нꙋ
не-мо́.крен-нѡ,не-мо́.крен-нѡ
не-ѡ-па.ли́-ма,не-ѡ-па.ли́-ма
не-ѡ-па.ли́-ма-ѧ,не-ѡ-па.ли́-ма-ѧ
не-ѡ-па.ли́-мꙋ-ю,не-ѡ-па.ли́-мꙋ-ю
не-ѡ-па.ли́-мы,не-ѡ-па.ли́-мы
не-ѡ-па.ли̑-мы,не-ѡ-па.ли̑-мы
не-ѡ-па.лѧ́-е-мꙋ,не-ѡ-па.лѧ́-е-мꙋ
не.ѿ-е́м-ле-мо,не.ѿ-е́м-ле-мо
не.ѿ-стꙋ́п-нѡ,не.ѿ-стꙋ́п-нѡ
не.ѿ-стꙋ́п-ный,не.ѿ-стꙋ́п-ный
не-по-ко-ле́.бле-мѡ,не-по-ко-ле́.бле-мѡ
не-по-ро́ч.нахъ,не-по-ро́ч.нахъ
не-по-сты́д.на-ѧ,не-по-сты́д.на-ѧ
не-по-сты́д.но-е,не-по-сты́д.но-е
не-по-сты́д.нꙋ,не-по-сты́д.нꙋ
не-по-сты́д.нꙋ-ю,не-по-сты́д.нꙋ-ю
не-пра́*в.да,не-пра́*в.да
не-пра́*в.до-ва-хомъ,не-пра́*в.до-ва-хомъ
не-пра́*в.дꙋ,не-пра́*в.дꙋ
не-пра́*в.ды,не-пра́*в.ды
не-пра́*в.дѣ,не-пра́*в.дѣ
не-пре-тк*но-ве́н-нѡ,не-пре-тк*но-ве́н-нѡ
не-со*з.да́н-но-е,не-со*з.да́н-но-е
не-со*з.да́н-нꙋ-ю,не-со*з.да́н-нꙋ-ю
не-со.м*нѣ́н-нѡ,не-со.м*нѣ́н-нѡ
не-со.м*нѣ́н-но-ю,не-со.м*нѣ́н-но-ю
не-сꙋ.м*нѣ́н-нѡ,не-сꙋ.м*нѣ́н-нѡ
не-сꙋ.м*нѣ́н-но-ю,не-сꙋ.м*нѣ́н-но-ю
не.тлѣ́-ненъ,не.тлѣ́-ненъ
не.тлѣ́-нї-е,не.тлѣ́-нї-е
не.тлѣ́-нї-емъ,не.тлѣ́-нї-емъ
не.тлѣ́-нї-ѧ,не.тлѣ́-нї-ѧ
не.тлѣ́н-на,не.тлѣ́н-на
не.тлѣ́н-на-гѡ,не.тлѣ́н-на-гѡ
не.тлѣ́н-на-ѧ,не.тлѣ́н-на-ѧ
не.тлѣ̑н-на-ѧ,не.тлѣ̑н-на-ѧ
не.тлѣ́н-но,не.тлѣ́н-но
не.тлѣ́н-нѡ,не.тлѣ́н-нѡ
не.тлѣ́н-но-е,не.тлѣ́н-но-е
не.тлѣ́н-но-ю,не.тлѣ́н-но-ю
не.тлѣ́н-нꙋ,не.тлѣ́н-нꙋ
не.тлѣ́н-нꙋ-ю,не.тлѣ́н-нꙋ-ю
не.тлѣ́н-ный,не.тлѣ́н-ный
не.тлѣ́н-ны-ми,не.тлѣ́н-ны-ми
не.тлѣ́н-нымъ,не.тлѣ́н-нымъ
не.тлѣ́н-ныхъ,не.тлѣ́н-ныхъ
не.тлѣ́н-ны-ѧ,не.тлѣ́н-ны-ѧ
не.тлѣ́н-нѣй,не.тлѣ́н-нѣй
не.тлѣ́н-нѣмъ,не.тлѣ́н-нѣмъ
не.тре́-нꙋ,не.тре́-нꙋ
не.тѣ*с.но-мѣ́ст-нѡ,не.тѣ*с.но-мѣ́ст-нѡ
не.ча́д-ство-вав-шї-ѧ,не.ча́д-ство-вав-шї-ѧ
не.че́-ствꙋ-ю-щихъ,не.че́-ствꙋ-ю-щихъ
не.че.сти́-ва-гѡ,не.че.сти́-ва-гѡ
не.че.сти́-вї-и,не.че.сти́-вї-и
не.че.сти́-во-мꙋ,не.че.сти́-во-мꙋ
не.че.сти́-вый,не.че.сти́-вый
не.че.сти́-выхъ,не.че.сти́-выхъ
не.че.сти̑-вы-ѧ,не.че.сти̑-вы-ѧ
не.че́-стї-е,не.че́-стї-е
не.че́-стї-ѧ,не.че́-стї-ѧ
не.чи̑-ста,не.чи̑-ста
не.чи́-сто,не.чи́-сто
не.чи-сто-тꙋ̀,не.чи-сто-тꙋ̀
не.чи-сто-ты̀,не.чи-сто-ты̀
не.чи-сто-тѣ̀,не.чи-сто-тѣ̀
не.чи́стъ,не.чи́стъ
не.чи́-стый,не.чи́-стый
не.чи́-сты-ми,не.чи́-сты-ми
не.чи́-стыхъ,не.чи́-стыхъ
не.чи̑-сты-ѧ,не.чи̑-сты-ѧ
не.чꙋ́в*ст.вї-ѧ,не.чꙋ́в*ст.вї-ѧ
низ-ве́р-жєн.ны-ѧ,низ-ве́р-жєн.ны-ѧ
низ-по*с.лѝ,низ-по*с.лѝ
низ.ри́-нꙋв-ша-ѧ,низ.ри́-нꙋв-ша-ѧ
ни́р.са,ни́р.са
ни-ще.то́-ю,ни-ще.то́-ю
ни-ще.тꙋ̀,ни-ще.тꙋ̀
ни-ще.ты̀,ни-ще.ты̀
ни-ще.тѣ̀,ни-ще.тѣ̀
нї-ка.нѡ́ръ,нї-ка.нѡ́ръ
нї-ки́-фо.ра,нї-ки́-фо.ра
нї-ки́-фо.ре,нї-ки́-фо.ре
нї-ко-ла́.ѣ,нї-ко-ла́.ѣ
нї-не.ѵ*і́-тѧ-ны,нї-не.ѵ*і́-тѧ-ны
нѡ́.ва-ѧ,нѡ́.ва-ѧ
но*в.го-ро́д-ска-гѡ,но*в.го-ро́д-ска-гѡ
нѡ́.вы-ѧ,нѡ́.вы-ѧ
нѡ́.е,нѡ́.е
но*еⷨ,но*еⷨ
н*ра́-ва,н*ра́-ва
н*ра́-вѡвъ,н*ра́-вѡвъ
н*ра́-вомъ,н*ра́-вомъ
н*ра́-вѡмъ,н*ра́-вѡмъ
н*ра́въ,н*ра́въ
н*ра́-вы,н*ра́-вы
нꙋ́жд.нꙋ-ю,нꙋ́жд.нꙋ-ю
нꙋ́.ждѣ,нꙋ́.ждѣ
ны́-нѣш.немъ,ны́-нѣш.немъ
ны́-нѣш.нѧ-гѡ,ны́-нѣш.нѧ-гѡ
нѣ́.гдѣ,нѣ́.гдѣ
нѣ̑.кї-имъ,нѣ̑.кї-имъ
нѣ̑.кї-ѧ,нѣ̑.кї-ѧ
нѣ́-ко-е.го,нѣ́-ко-е.го
нѣ́-ко-е.гѡ,нѣ́-ко-е.гѡ
нѣ́-ко-е.мꙋ,нѣ́-ко-е.мꙋ
нѣ.ме́ц-кїй,нѣ.ме́ц-кїй
нѣ́.смы,нѣ́.смы
нѣ́*ч.то,нѣ́*ч.то
ѡ҆б.ви́-та,ѡ҆б.ви́-та
ѡ҆б.ви́-та-го,ѡ҆б.ви́-та-го
ѡ҆*б.дер-жа́-щї-ѧ,ѡ҆*б.дер-жа́-щї-ѧ
ѡ҆*б.дер-жи́тъ,ѡ҆*б.дер-жи́тъ
ѻ҆-б*ла-кѡ́въ,ѻ҆-б*ла-кѡ́въ
ѻ҆́-бла.цы,ѻ҆́-бла.цы
ѡ҆́-бла.цѣ,ѡ҆́-бла.цѣ
ѡ҆-б*ле*г.чѝ,ѡ҆-б*ле*г.чѝ
ѡ҆б.на-жи́лъ,ѡ҆б.на-жи́лъ
ѡ҆б.но-вѝ,ѡ҆б.но-вѝ
ѡ҆б-но*в.ле́-нї-е,ѡ҆б-но*в.ле́-нї-е
ѡ҆б-но*в.ле́-нї-ѧ,ѡ҆б-но*в.ле́-нї-ѧ
ѡ҆б-но*в.лѧ́-ет-сѧ,ѡ҆б-но*в.лѧ́-ет-сѧ
ѡ҆б-но*в.лѧ́-етъ,ѡ҆б-но*в.лѧ́-етъ
ѡ҆б-но*в.лѧ́-ѧ,ѡ҆б-но*в.лѧ́-ѧ
ѡ҆б-но*в.лѧ́-ѧй,ѡ҆б-но*в.лѧ́-ѧй
ѡ҆б.но-вѧ́т-сѧ,ѡ҆б.но-вѧ́т-сѧ
ѻ҆*б.ра́-до-ван-на-ѧ,ѻ҆*б.ра́-до-ван-на-ѧ
ѡ҆б.ра́-до-ван-на-ѧ,ѡ҆б.ра́-до-ван-на-ѧ
ѻ҆́-бра.зе,ѻ҆́-бра.зе
ѡ҆́-бра.зе,ѡ҆́-бра.зе
ѡ҆́-браз.нѡ,ѡ҆́-браз.нѡ
ѡ҆.бра́з-нѡ,ѡ҆.бра́з-нѡ
ѻ҆́-бра.зы,ѻ҆́-бра.зы
ѡ҆́-бра.зѣ,ѡ҆́-бра.зѣ
ѡ҆.бра-тѝ,ѡ҆.бра-тѝ
ѡ҆.бра-ти́в-ше-мꙋ,ѡ҆.бра-ти́в-ше-мꙋ
ѡ҆.бра-ти́в-ши-сѧ,ѡ҆.бра-ти́в-ши-сѧ
ѡ҆.бра-ти́въ,ѡ҆.бра-ти́въ
ѡ҆.бра-ти́лъ,ѡ҆.бра-ти́лъ
ѡ҆.бра-ти́-сѧ,ѡ҆.бра-ти́-сѧ
ѡ҆.бра-ти́-те-сѧ,ѡ҆.бра-ти́-те-сѧ
ѡ҆.бра-ти́-ти-сѧ,ѡ҆.бра-ти́-ти-сѧ
ѡ҆.бра-ти́т-сѧ,ѡ҆.бра-ти́т-сѧ
ѡ҆.бра-ти́-ша-сѧ,ѡ҆.бра-ти́-ша-сѧ
ѡ҆.бра́т-нѡ,ѡ҆.бра́т-нѡ
ѡ҆.бра-тѧ́т-сѧ,ѡ҆.бра-тѧ́т-сѧ
ѡ҆.бра́щ-сѧ,ѡ҆.бра́щ-сѧ
ѡ҆.бра́щь-сѧ,ѡ҆.бра́щь-сѧ
ѡ҆-бре-ме.ни̑в-ша-ѧ-сѧ,ѡ҆-бре-ме.ни̑в-ша-ѧ-сѧ
ѡ҆-брѣ́л.сѧ,ѡ҆-брѣ́л.сѧ
ѡ҆-брѣ.та́-емъ,ѡ҆-брѣ.та́-емъ
ѡ҆-брѣ.та́-ет-сѧ,ѡ҆-брѣ.та́-ет-сѧ
ѡ҆-брѣ.та́-етъ,ѡ҆-брѣ.та́-етъ
ѡ҆-брѣ.та́-ю,ѡ҆-брѣ.та́-ю
ѡ҆-брѣ.та́-ют-сѧ,ѡ҆-брѣ.та́-ют-сѧ
ѡ҆-брѣ.та́-ютъ,ѡ҆-брѣ.та́-ютъ
ѡ҆-брѣ.та́-ю-щымъ,ѡ҆-брѣ.та́-ю-щымъ
ѡ҆-бꙋз.да́-те-лю,ѡ҆-бꙋз.да́-те-лю
ѡ҆б.хо́-дитъ,ѡ҆б.хо́-дитъ
ѡ҆б.хо-дѧ́й,ѡ҆б.хо-дѧ́й
ѻ҆́-б*ща,ѻ҆́-б*ща
ѻ҆́-б*ща-гѡ,ѻ҆́-б*ща-гѡ
ѻ҆́-б*ща-ѧ,ѻ҆́-б*ща-ѧ
ѻ҆́-б*ще-е,ѻ҆́-б*ще-е
ѻ҆́-б*щей,ѻ҆́-б*щей
ѻ҆́-б*щїй,ѻ҆́-б*щїй
ѻ҆́*бщ-ни-ка,ѻ҆́*бщ-ни-ка
ѻ҆́*бщ-ни-ки,ѻ҆́*бщ-ни-ки
ѻ҆́*бщ-никъ,ѻ҆́*бщ-никъ
ѻ҆́*бщ-ни-цы,ѻ҆́*бщ-ни-цы
ѡ҆б̾-ѧ̑.тї-и,ѡ҆б̾-ѧ̑.тї-и
ѡ҆б̾-ѧ̑.тї-ѧ,ѡ҆б̾-ѧ̑.тї-ѧ
ѡ҆б̾-ѧ́.тъ,ѡ҆б̾-ѧ́.тъ
ѡ҆.бы́-де,ѡ҆.бы́-де
ѡ҆.бы́-детъ,ѡ҆.бы́-детъ
ѡ҆.бы-ди́-те,ѡ҆.бы-ди́-те
ѡ҆.бы-до́-ша,ѡ҆.бы-до́-ша
ѻ҆.в*на̀,ѻ҆.в*на̀
ѻ҆.во-гда́,ѻ҆.во-гда́
ѻ҆.во-гда̀,ѻ҆.во-гда̀
ѻ҆.в*ца́мъ,ѻ҆.в*ца́мъ
ѻ҆́.в*цы,ѻ҆́.в*цы
ѻ҆.в*ча̀,ѻ҆.в*ча̀
ѻ҆́.вѣмъ,ѻ҆́.вѣмъ
ѻ҆-гне-до*х.но-ве́н-нꙋ-ю,ѻ҆-гне-до*х.но-ве́н-нꙋ-ю
ѻ҆-гне-па.ли́-ма-ѧ,ѻ҆-гне-па.ли́-ма-ѧ
ѻ҆-гне.зра́ч-ный,ѻ҆-гне.зра́ч-ный
ѻ҆́*гнь,ѻ҆́*гнь
ѻ҆*гнь,ѻ҆*гнь
ѡ҆-дер.жи̑-мы-ѧ,ѡ҆-дер.жи̑-мы-ѧ
ѻ҆-дї.ги́-трї-е,ѻ҆-дї.ги́-трї-е
ѡ҆-дꙋ.ше*в.ле́н-на-ѧ,ѡ҆-дꙋ.ше*в.ле́н-на-ѧ
ѡ҆-дꙋ.ше*в.ле́н-но-е,ѡ҆-дꙋ.ше*в.ле́н-но-е
ѡ҆-дꙋ.ше*в.ле́н-но-мꙋ,ѡ҆-дꙋ.ше*в.ле́н-но-мꙋ
ѡ҆-дꙋ.ше*в.ле́н-нꙋ-ю,ѡ҆-дꙋ.ше*в.ле́н-нꙋ-ю
ѡ҆-дꙋ.ше*в.ле́н-ный,ѡ҆-дꙋ.ше*в.ле́н-ный
ѡ҆-дꙋ.ше*в.ле́н-нѣй,ѡ҆-дꙋ.ше*в.ле́н-нѣй
ѡ҆-дꙋ.ше*в.ле́нъ,ѡ҆-дꙋ.ше*в.ле́нъ
ѡ҆-дꙋ.ше*в.лѧ́-ет-сѧ,ѡ҆-дꙋ.ше*в.лѧ́-ет-сѧ
ѡ҆-дѣ́-ѧ.на,ѡ҆-дѣ́-ѧ.на
ѡ҆-жив-ле́-нї-ю,ѡ҆-жи.вле́-нї-ю
ѡ҆-за.ре́-нї-е,ѡ҆-за.ре́-нї-е
ѡ҆-за.ри́,ѡ҆-за.ри́
ѡ҆-за.рѝ,ѡ҆-за.рѝ
ѡ҆-за.ри́в-сѧ,ѡ҆-за.ри́в-сѧ
ѡ҆-за.ри́в-шꙋ,ѡ҆-за.ри́в-шꙋ
ѡ҆-за.ри́въ,ѡ҆-за.ри́въ
ѡ҆-за.ри́лъ,ѡ҆-за.ри́лъ
ѡ҆-за.ри́-ша-сѧ,ѡ҆-за.ри́-ша-сѧ
ѡ҆-за.рѧ́-е-ми,ѡ҆-за.рѧ́-е-ми
ѡ҆-за.рѧ́-емь,ѡ҆-за.рѧ́-емь
ѡ҆-за.рѧ́-етъ,ѡ҆-за.рѧ́-етъ
ѡ҆-за.рѧ́-е-ши,ѡ҆-за.рѧ́-е-ши
ѡ҆-за.рѧ́-ю-щи,ѡ҆-за.рѧ́-ю-щи
ѡ҆-за.рѧ́-ѧ,ѡ҆-за.рѧ́-ѧ
ѡ҆-кор.мле́-нї-емъ,ѡ҆-кор.мле́-нї-емъ
ѡ҆.крє́ст-на-ѧ,ѡ҆.крє́ст-на-ѧ
ѻ҆*кⷮ,ѻ҆*кⷮ
ѻ҆-ктѡ́-и.ха,ѻ҆-ктѡ́-и.ха
ѻ҆-ктѡ́-и.хѣ,ѻ҆-ктѡ́-и.хѣ
ѽ.ле,ѽ.ле
ѻ҆-лѵ́м-пїй,ѻ҆-лѵ́.м*пїй
ѻ҆.лѷм-пї.а́-да,ѻ҆.лѷ.м*пї.а́-да
ѡ҆-мер.твѣ́-ша,ѡ҆-мер.твѣ́-ша
ѡ҆-мо-фо́.ромъ,ѡ҆-мо-фо́.ромъ
ѡ҆.мра-ча́-ше-сѧ,ѡ҆.мра-ча́-ше-сѧ
ѡ҆.мра-че́-нї-е,ѡ҆.мра-че́-нї-е
ѡ҆.мра-че́-нї-ѧ,ѡ҆.мра-че́-нї-ѧ
ѡ҆.мра-чє́н-на-ѧ,ѡ҆.мра-чє́н-на-ѧ
ѡ҆.мра-че́н-нї-и,ѡ҆.мра-че́н-нї-и
ѡ҆.мра-че́н-нꙋ-ю,ѡ҆.мра-че́н-нꙋ-ю
ѡ҆.мра-чє́н-нымъ,ѡ҆.мра-чє́н-нымъ
ѡ҆.мра-че́н-ныхъ,ѡ҆.мра-че́н-ныхъ
ѡ҆.мра-че́н-ны-ѧ,ѡ҆.мра-че́н-ны-ѧ
ѡ҆.мра-чѝ,ѡ҆.мра-чѝ
ѡ҆.мра-чи́-вый,ѡ҆.мра-чи́-вый
ѡ҆-мы.ва́-етъ,ѡ҆-мы.ва́-етъ
ѻ҆.нѝ,ѻ҆.нѝ
ѡ҆.пле-ва́-ша,ѡ҆.пле-ва́-ша
ѡ҆.пꙋ-сто-ши́тъ,ѡ҆.пꙋ-сто-ши́тъ
ѡ҆-ро.сѝ,ѡ҆-ро.сѝ
ѡ҆-ро.си́в-ша-го,ѡ҆-ро.си́в-ша-го
ѡ҆-ро.си́-вый,ѡ҆-ро.си́-вый
ѡ҆-ро.си́лъ,ѡ҆-ро.си́лъ
ѡ҆-ро.ша́-е-ма-ѧ,ѡ҆-ро.ша́-е-ма-ѧ
ѡ҆-ро.ша́-е-ми,ѡ҆-ро.ша́-е-ми
ѡ҆-ро.ша́-етъ,ѡ҆-ро.ша́-етъ
ѡ҆-ро.ша́-хꙋ-сѧ,ѡ҆-ро.ша́-хꙋ-сѧ
ѡ҆-ро.ша́-ше,ѡ҆-ро.ша́-ше
ѡ҆-ро.ша́-ше-сѧ,ѡ҆-ро.ша́-ше-сѧ
ѡ҆-ро.ша́-ю-ща-ѧ,ѡ҆-ро.ша́-ю-ща-ѧ
ѡ҆-ро.ша́-ю-щи,ѡ҆-ро.ша́-ю-щи
ѡ҆-ро.ша́-ю-щїй,ѡ҆-ро.ша́-ю-щїй
ѡ҆-ро.ша́-ющъ,ѡ҆-ро.ша́-ющъ
ѡ҆-ро.ше́-ни,ѡ҆-ро.ше́-ни
ѻ҆.рꙋ́-жї-е,ѻ҆.рꙋ́-жї-е
ѡ҆.рꙋ́-жї-е,ѡ҆.рꙋ́-жї-е
ѡ҆.рꙋ́-жї-емъ,ѡ҆.рꙋ́-жї-емъ
ѡ҆.рꙋ́-жї-ѧ,ѡ҆.рꙋ́-жї-ѧ
ѻ҆.рꙋ́ж-ни-цы,ѻ҆.рꙋ́ж-ни-цы
ѡ҆-скор*б.лѧ́-ю-щихъ,ѡ҆-скор*б.лѧ́-ю-щихъ
ѡ҆-ста́в.ленъ,ѡ҆-ста́в.ленъ
ѡ҆-ста́в.лю,ѡ҆-ста́в.лю
ѡ҆-ста́н.ки,ѡ҆-ста́н.ки
ѡ҆-сѣ.н*ѝ,ѡ҆-сѣ.н*ѝ
ѡ҆-сѣ.ни́тъ,ѡ҆-сѣ.ни́тъ
ѡ҆-сѣ.нѧ́-етъ,ѡ҆-сѣ.нѧ́-етъ
ѿ.ва-ле́н-ный,ѿ.ва-ле́н-ный
ѿ.ва-ле́нъ,ѿ.ва-ле́нъ
ѿ.ва-лѝ,ѿ.ва-лѝ
ѿ.ва́ль-шем-сѧ,ѿ.ва́ль-шем-сѧ
ѿ.ве́ргл-сѧ,ѿ.ве́ргл-сѧ
ѿ.ве́рглъ,ѿ.ве́рглъ
ѿ.вер-го́-сте-сѧ,ѿ.вер-го́-сте-сѧ
ѿ.вер-го́-ша-сѧ,ѿ.вер-го́-ша-сѧ
ѿ.ве́рг-сѧ,ѿ.ве́рг-сѧ
ѿ.ве́рг-ша-го,ѿ.ве́рг-ша-го
ѿ.ве́рг-ше,ѿ.ве́рг-ше
ѿ.ве́рг-ши,ѿ.ве́рг-ши
ѿ.ве́рг-шї-и-сѧ,ѿ.ве́рг-шї-и-сѧ
ѿ.ве́рг-шѧ,ѿ.ве́рг-шѧ
ѿ.ве́ргъ,ѿ.ве́ргъ
ѿ.ве́р-же,ѿ.ве́р-же
ѿ.вер-же́-нї-е,ѿ.вер-же́-нї-е
ѿ.вер-же́-нї-емъ,ѿ.вер-же́-нї-емъ
ѡ҆*т.ве́р-женъ,ѡ҆*т.ве́р-женъ
ѿ.ве́р-женъ,ѿ.ве́р-женъ
ѿ.ве́р-же-сѧ,ѿ.ве́р-же-сѧ
ѿ.ве́р-жет-сѧ,ѿ.ве́р-жет-сѧ
ѿ.ве́р-жи,ѿ.ве́р-жи
ѿ.вер-за́-етъ,ѿ.вер-за́-етъ
ѿ.вер-за́-ю,ѿ.вер-за́-ю
ѿ.вер-за́-ют-сѧ,ѿ.вер-за́-ют-сѧ
ѿ.ве́р-зе,ѿ.ве́р-зе
ѿ.вер-зе́-нї-е,ѿ.вер-зе́-нї-е
ѿ.ве́р-зе-сѧ,ѿ.ве́р-зе-сѧ
ѿ.ве́р-зет-сѧ,ѿ.ве́р-зет-сѧ
ѿ.ве́р-зе-ши,ѿ.ве́р-зе-ши
ѿ.ве́р-зи,ѿ.ве́р-зи
ѿ.ве́рзлъ,ѿ.ве́рзлъ
ѿ.вер-зо́-ша-сѧ,ѿ.вер-зо́-ша-сѧ
ѿ.ве́р-зꙋ,ѿ.ве́р-зꙋ
ѿ.ве́р-зꙋт-сѧ,ѿ.ве́р-зꙋт-сѧ
ѿ.ве́рзъ,ѿ.ве́рзъ
ѿ.вер-зы́й,ѿ.вер-зы́й
ѿ.ве́р-сти,ѿ.ве́р-сти
ѿ.ве́рстъ,ѿ.ве́рстъ
ѿ.внꙋ́трь,ѿ.внꙋ́трь
ѿ.внѣ̀,ѿ.внѣ̀
ѿ.всю́-дꙋ,ѿ.всю́-дꙋ
ѿ.вѣ́-та,ѿ.вѣ́-та
ѿ.вѣ́тъ,ѿ.вѣ́тъ
ѿ.вѣ-ща̀,ѿ.вѣ-ща̀
ѿ.вѣ-ща.ва́-ше,ѿ.вѣ-ща.ва́-ше
ѿ.вѣ-ща́в-ше,ѿ.вѣ-ща́в-ше
ѿ.вѣ-ща́въ,ѿ.вѣ-ща́въ
ѿ.вѣ-ща́-етъ,ѿ.вѣ-ща́-етъ
ѿ.вѣ-ща́-ти,ѿ.вѣ-ща́-ти
ѿ.вѣ-ща́-ша,ѿ.вѣ-ща́-ша
ѿ.вѣ-ща́-ю,ѿ.вѣ-ща́-ю
ѿ.вѣ-ща́-ютъ,ѿ.вѣ-ща́-ютъ
ѿ.го́-ни-ши,ѿ.го́-ни-ши
ѿ.да́въ,ѿ.да́въ
ѿ.да́-нї-е,ѿ.да́-нї-е
ѿ.да́-нї-ѧ,ѿ.да́-нї-ѧ
ѿ.да́стъ,ѿ.да́стъ
ѻ҆-тє́.че-ска-ѧ,ѻ҆-тє́.че-ска-ѧ
ѻ҆-те́-че*ствъ,ѻ҆-те́-че*ствъ
ѿ-же.нѝ,ѿ-же.нѝ
ѿ.и́-де,ѿ.и́-де
ѿ.и́-детъ,ѿ.и́-детъ
ѿ.и́-де-ши,ѿ.и́-де-ши
ѿ.и-дѝ,ѿ.и-дѝ
ѿ.и-до́-ша,ѿ.и-до́-ша
ѿ.и́-мет.сѧ,ѿ.и́-мет.сѧ
ѿ.и́-метъ,ѿ.и́-метъ
ѿ.и-мꙋ̀,ѿ.и-мꙋ̀
ѿ.и-тѝ,ѿ.и-тѝ
ѿ.кры̀,ѿ.кры̀
ѿ.кры-ва́-етъ,ѿ.кры-ва́-етъ
ѿ.кры́-етъ,ѿ.кры́-етъ
ѿ.кры́-е-ши,ѿ.кры́-е-ши
ѿ.кры́й-те-сѧ,ѿ.кры́й-те-сѧ
ѿ.кры́лъ,ѿ.кры́лъ
ѿ.кры́-ша-сѧ,ѿ.кры́-ша-сѧ
ѿ.кꙋ́-дꙋ,ѿ.кꙋ́-дꙋ
ѿ.ло-жѝ,ѿ.ло-жѝ
ѿ.ло-жи́в-ше,ѿ.ло-жи́в-ше
ѿ.ло-жи́въ,ѿ.ло-жи́въ
ѿ.ло-жи́мъ,ѿ.ло-жи́мъ
ѿ.лꙋ-ча́-ѧ-сѧ,ѿ.лꙋ-ча́-ѧ-сѧ
ѿ.лꙋ-чѝ,ѿ.лꙋ-чѝ
ѿ.лꙋ-чи́л-сѧ,ѿ.лꙋ-чи́л-сѧ
ѿ.лꙋ-чи́тъ,ѿ.лꙋ-чи́тъ
ѿ.м*ще́-нї-е,ѿ.м*ще́-нї-е
ѿ.м*щꙋ̀,ѿ.м*щꙋ̀
ѿ.мы-ва́-ет-сѧ,ѿ.мы-ва́-ет-сѧ
ѿ.нн҃ѣ,ѿ.нн҃ѣ
ѿ.ню́-дꙋ-же,ѿ.ню́-дꙋ-же
ѿ.ню́дъ,ѿ.ню́дъ
ѿ.ѻ.нꙋ́-дꙋ,ѿ.ѻ.нꙋ́-дꙋ
ѿ.ѻ.нꙋ́-дꙋ-же,ѿ.ѻ.нꙋ́-дꙋ-же
ѿ.па-де́мъ,ѿ.па-де́мъ
ѿ.па-де́-нї-е,ѿ.па-де́-нї-е
ѿ.па-де́тъ,ѿ.па-де́тъ
ѿ-пꙋ́.ста,ѿ-пꙋ́.ста
ѿ.пꙋ-стѝ,ѿ.пꙋ-стѝ
ѿ.пꙋ-сти́-тель-ный,ѿ.пꙋ-сти́-тель-ный
ѿ.пꙋ-сти́-ти,ѿ.пꙋ-сти́-ти
ѿ-пꙋ́.ститъ,ѿ-пꙋ́.ститъ
ѿ-пꙋ́.стѣ,ѿ-пꙋ́.стѣ
ѿ.пꙋ-ща́-е-ши,ѿ.пꙋ-ща́-е-ши
ѿ.пꙋ-ще́-нї-е,ѿ.пꙋ-ще́-нї-е
ѿ.пꙋ-ще́-нї-и,ѿ.пꙋ-ще́-нї-и
ѿ.пꙋ-ще́-нї-ѧ,ѿ.пꙋ-ще́-нї-ѧ
ѿ.ра́-дꙋ,ѿ.ра́-дꙋ
ѻ҆́*т.расль,ѻ҆́*т.расль
ѿ.ра-стѐ,ѿ.ра-стѐ
ѿ-ри́-не.ши,ѿ-ри́-не.ши
ѿ-ри́.нꙋ-ша,ѿ-ри́.нꙋ-ша
ѡ҆*т.ры́г-нꙋ,ѡ҆*т.ры́.г*нꙋ
ѿ.ры́г-нꙋ,ѿ.ры́.г*нꙋ
ѿ.ры́г-нꙋхъ,ѿ.ры́.г*нꙋхъ
ѡ҆т.ста́-ви,ѡ҆т.ста́-ви
ѿ.то́-лѣ,ѿ.то́-лѣ
ѿ.трѧ́съ,ѿ.трѧ́съ
ѿ.тꙋ́-дꙋ,ѿ.тꙋ́-дꙋ
ѿ.хо́-дитъ,ѿ.хо́-дитъ
ѿ.хо-дѧ́й,ѿ.хо-дѧ́й
ѻ҆.тца̀,ѻ҆.тца̀
ѻ҆.тцє́въ,ѻ҆.тцє́въ
ѻ҆.тце́мъ,ѻ҆.тце́мъ
ѻ҆.тцꙋ́,ѻ҆.тцꙋ́
ѻ҆.тцꙋ̀,ѻ҆.тцꙋ̀
ѻ҆.тцы̀,ѻ҆.тцы̀
ѻ҆.тцѣ̀,ѻ҆.тцѣ̀
ѻ҆́.тча,ѻ҆́.тча
ѡ҆*т.ча́-ѧн-ныхъ,ѡ҆*т.ча́-ѧн-ныхъ
ѻ҆́.тче,ѻ҆́.тче
ѻ҆́.тче-е,ѻ҆́.тче-е
ѻ҆́.тче-ю,ѻ҆́.тче-ю
ѻ҆́.тчимъ,ѻ҆́.тчимъ
ѻ҆́.тчихъ,ѻ҆́.тчихъ
ѻ҆́.тчꙋ,ѻ҆́.тчꙋ
ѿ.ѧ̀,ѿ.ѧ̀
ѿ.ѧ́-ти,ѿ.ѧ́-ти
ѿ.ѧ́тъ,ѿ.ѧ́тъ
ѻ҆́*ц.та,ѻ҆́*ц.та
ѻ҆́*ц.томъ,ѻ҆́*ц.томъ
ѻ҆*че́съ,ѻ҆*че́съ
ѡ҆-чи́щ-ши.сѧ,ѡ҆-чи́щ-ши.сѧ
па́-гꙋ-б*а,па́-гꙋ-б*а
па̑.гꙋб-ны-ѧ,па̑.гꙋб-ны-ѧ
па́-гꙋ-б*ꙋ,па́-гꙋ-б*ꙋ
па*г-ха́-рїй,па*г-ха́-рїй
па-ра.ек.кли-сї-а́рхъ,па-ра.ек.кли-сї-а́рхъ
па-рє.мї-ѝ,па-рє.мї-ѝ
па́-стыр.ми,па́-стыр.ми
па́.с*цѣ,па́.с*цѣ
па-тер-мꙋ́.ѳїй,па-тер-мꙋ́.ѳїй
па-трї-а́р.си,па-трї-а́р.си
па-трї-а́р.хи,па-трї-а́р.хи
па-хѡ́.мї-а,па-хѡ́.мї-а
па́ѵ.ла,па́ѵ.ла
па́ѵ.ле,па́ѵ.ле
па́ѵ.лꙋ,па́ѵ.лꙋ
па.ѵ́-сї-е,па.ѵ́-сї-е
пе-ла.гі́-е,пе-ла.гі́-е
пер-во.з*да́н-на-го,пер-во.з*да́н-на-го
пер-во.з*да́н-на-гѡ,пер-во.з*да́н-на-гѡ
пер-во.з*да́н-но-мꙋ,пер-во.з*да́н-но-мꙋ
пер-во.з*да́н-ный,пер-во.з*да́н-ный
пер.во-ро́д-ный,пер.во-ро́д-ный
пер.во-ро-дѧ́-ща-сѧ,пер.во-ро-дѧ́-ща-сѧ
пер.во-ро-жде́н-но-е,пер.во-ро-жде́н-но-е
пер.во-ро́д-ныхъ,пер.во-ро́д-ныхъ
пер.во-ро-жде́нъ,пер.во-ро-жде́нъ
пє́р.си,пє́р.си
пе́рст.но-е,пе́рст.но-е
пе-тер-го́*ф-скїй,пе-тер-го́*ф-скїй
пе́щ.на-гѡ,пе́щ.на-гѡ
пе́щ.ный,пе́щ.ный
пи̑-са.на,пи̑-са.на
пи.са̑.нї-ѧ,пи.са̑.нї-ѧ
пи̑-са.ны,пи̑-са.ны
пи́сь-ме.на,пи́сь-ме.на
пла́-ка.хомъ,пла́-ка.хомъ
пле.ни̑-цы,пле.ни̑-цы
плот.ска́-гѡ,плот.ска́-гѡ
плот.ска́-ѧ,плот.ска́-ѧ
плот.ска̑-ѧ,плот.ска̑-ѧ
плот.ски́-ми,плот.ски́-ми
плот.ски́мъ,плот.ски́мъ
плот.ски́хъ,плот.ски́хъ
плот.скі̑-ѧ,плот.скі̑-ѧ
плот.ско́-е,плот.ско́-е
плот.ско́-ю,плот.ско́-ю
плот.скꙋ́-ю,плот.скꙋ́-ю
п*нⷣе,п*нⷣе
п*нⷣль-никъ,п*нⷣль-никъ
по-бѣ́г.ло,по-бѣ́г.ло
по-бѣ-до.но́-сецъ,по-бѣ-до.но́-сецъ
по-бѣ-до.но́с-ца,по-бѣ-до.но́с-ца
по-бѣ-до.но́с-цы,по-бѣ-до.но́с-цы
по-бѣ̑.ды,по-бѣ̑.ды
по.вне-гда̀,по.вне-гда̀
по.всю́-дꙋ,по.всю́-дꙋ
по-ги́б.немъ,по-ги́б.немъ
по-ги́б.нетъ,по-ги́б.нетъ
по-ги́б.нꙋ,по-ги́б.нꙋ
по-ги́б.нꙋ-ти,по-ги́б.нꙋ-ти
по-ги́б.нꙋтъ,по-ги́б.нꙋтъ
по-ги́*б.ша-ѧ,по-ги́*б.ша-ѧ
по.гло.ти́-ти,по.гло.ти́-ти
по-гре-бе́.нї-е,по-гре-бе́.нї-е
по-гре-бе́.нї-емъ,по-гре-бе́.нї-емъ
по-гре-бе́.нї-и,по-гре-бе́.нї-и
по-гре-бе́.нї-ю,по-гре-бе́.нї-ю
по-гре-бе́.нї-ѧ,по-гре-бе́.нї-ѧ
по-гре-бе́.сѧ,по-гре-бе́.сѧ
по-гре*б.стѝ,по-гре*б.стѝ
по-гꙋб.ле́-нї-е,по-гꙋб.ле́-нї-е
по-гꙋ*б.лю̀,по-гꙋ*б.лю̀
по-гꙋб.лѧ́-етъ,по-гꙋб.лѧ́-етъ
по-гꙋб.лѧ́-ю,по-гꙋб.лѧ́-ю
по*д.кло-ни́-ти,по*д.кло-ни́-ти
по*д.ло-жи́в-ше,по*д.ло-жи́в-ше
по*д-но́-жї-е,по*д-но́-жї-е
по*д-но́-жї-ю,по*д-но́-жї-ю
по-до-б*а́-ше,по-до-б*а́-ше
под̾-е́.мый,под̾-е́.мый
под̾.не-бе́с-нꙋ-ю,под̾.не-бе́с-нꙋ-ю
по-є́.мы-ѧ,по-є́.мы-ѧ
по-жи.вѐ,по-жи.вѐ
по-жи.ве́мъ,по-жи.ве́мъ
по-жи.ве-тѐ,по-жи.ве-тѐ
по-жи.ве́тъ,по-жи.ве́тъ
по-жи.ве́-ши,по-жи.ве́-ши
по́.ж*нетъ,по́.ж*нетъ
по́.здѣ,по́.здѣ
по.з*ла-ще́н-на-гѡ,по.з*ла-ще́н-на-гѡ
по.з*ла-ще́н-нꙋ-ю,по.з*ла-ще́н-нꙋ-ю
по.з*на̀,по.з*на̀
по.з*на-ва́-е-мый,по.з*на-ва́-е-мый
по.з*на-ва́-емь,по.з*на-ва́-емь
по.з*на-ва́-ет-сѧ,по.з*на-ва́-ет-сѧ
по.з*на-ва́-етъ,по.з*на-ва́-етъ
по.з*на́в-ше,по.з*на́в-ше
по.з*на́в-ши,по.з*на́в-ши
по.з*на́в-шихъ,по.з*на́в-шихъ
по.з*на́в-шымъ,по.з*на́в-шымъ
по.з*на́въ,по.з*на́въ
по.з*на́-вый,по.з*на́-вый
по.з*на́-е-те,по.з*на́-е-те
по.з*на́-етъ,по.з*на́-етъ
по.з*на́-е-ши-сѧ,по.з*на́-е-ши-сѧ
по.з*на́й,по.з*на́й
по.з*на́-ла-сѧ,по.з*на́-ла-сѧ
по.з*на́л-сѧ,по.з*на́л-сѧ
по.з*на́лъ,по.з*на́лъ
по.з*на́-нї-е,по.з*на́-нї-е
по.з*на́-нї-емъ,по.з*на́-нї-емъ
по.з*на́-нї-ю,по.з*на́-нї-ю
по.з*на́-нї-ѧ,по.з*на́-нї-ѧ
по.з*на́нъ,по.з*на́нъ
по.з*на́-сте,по.з*на́-сте
по.з*на́-сѧ,по.з*на́-сѧ
по.з*на́-ти,по.з*на́-ти
по.з*на́-хомъ,по.з*на́-хомъ
по.з*на́хъ,по.з*на́хъ
по.з*на́-ша,по.з*на́-ша
по.з*на́-ютъ,по.з*на́-ютъ
по́й-де*ши,по́й-де*ши
по.и-до́-ша,по.и-до́-ша
по-кла.нѧ́-е-ма-го,по-кла.нѧ́-е-ма-го
по-кла.нѧ́-ем-сѧ,по-кла.нѧ́-ем-сѧ
по-кла.нѧ́-е-мый,по-кла.нѧ́-е-мый
по-кла.нѧ́-ет-сѧ,по-кла.нѧ́-ет-сѧ
по-кла.нѧ́й-те-сѧ,по-кла.нѧ́й-те-сѧ
по-кла.нѧ́-ти-сѧ,по-кла.нѧ́-ти-сѧ
по-кла.нѧ́-ю-сѧ,по-кла.нѧ́-ю-сѧ
по-кла.нѧ́-ют-сѧ,по-кла.нѧ́-ют-сѧ
по-кла.нѧ́-ю-ще-сѧ,по-кла.нѧ́-ю-ще-сѧ
по-кла.нѧ́-ю-щих-сѧ,по-кла.нѧ́-ю-щих-сѧ
по-кла.нѧ́-ю-щым-сѧ,по-кла.нѧ́-ю-щым-сѧ
по-кла.нѧ́-ю-щы-ѧ-сѧ,по-кла.нѧ́-ю-щы-ѧ-сѧ
по-ла.га́-ет-сѧ,по-ла.га́-ет-сѧ
по-ла.га́-етъ,по-ла.га́-етъ
по-ла.га́-ти,по-ла.га́-ти
по-ла.га́-ю,по-ла.га́-ю
по-ла.га́-ѧ,по-ла.га́-ѧ
по-ла.га́-ѧй,по-ла.га́-ѧй
по-лє́*з-на-ѧ,по-лє́*з-на-ѧ
по-ле.тѧ́тъ,по-ле.тѧ́тъ
по-лꙋ́.д*не,по-лꙋ́.д*не
пол.цы̀,пол.цы̀
по.лѷ.е-ле́-и,по.лѷ.е-ле́-и
по.лѷ.е-ле́й,по.лѷ.е-ле́й
по.лѷ.е-ле́й-ный,по.лѷ.е-ле́й-ный
по.лѷ-е́нъ,по.лѷ-е́нъ
по.лѷ-е́ѵктъ,по.лѷ-е́ѵктъ
по.лѷ-ка́рпъ,по.лѷ-ка́рпъ
по́.м*ни-те,по́.м*ни-те
по-мо́г.ше-мꙋ,по-мо́г.ше-мꙋ
по.м*пі́й,по.м*пі́й
по.мра-ча́-етъ,по.мра-ча́-етъ
по.мра-че́-нї-е,по.мра-че́-нї-е
по.мра-че́н-на,по.мра-че́н-на
по.мра-че́н-на-го,по.мра-че́н-на-го
по.мра-че́н-нꙋ-ю,по.мра-че́н-нꙋ-ю
по.мра-чи́-сѧ,по.мра-чи́-сѧ
по-мыш.ле́-нї-е,по-мыш.ле́-нї-е
по-мыш.ле́-нї-емъ,по-мыш.ле́-нї-емъ
по-мыш.ле́-нїй,по-мыш.ле́-нїй
по-мыш.ле́нь-ми,по-мыш.ле́нь-ми
по.нѐ,по.нѐ
пон.рѐ,пон.рѐ
по́н.томъ,по́н.томъ
по́н.тѣ,по́н.тѣ
по-пе.че́-нї-е,по-пе.че́-нї-е
по-пе.че́-нї-емъ,по-пе.че́-нї-емъ
по-пе.че́-нїй,по-пе.че́-нїй
по-пе.че́-нї-ѧ,по-пе.че́-нї-ѧ
по-по*л*з.но-ве́-нї-е,по-по*л*з.но-ве́-нї-е
по.пꙋ-стѝ,по.пꙋ-стѝ
по.пꙋ-ща́-етъ,по.пꙋ-ща́-етъ
по*р-фѵ́-рї-е,по*р-фѵ́-рї-е
по*р-фѵ́-рїй,по*р-фѵ́-рїй
по*р-фѵ́-ро-ю,по*р-фѵ́-ро-ю
по*р-фѵ́-рꙋ,по*р-фѵ́-рꙋ
по́-с*ле-ши,по́-с*ле-ши
по-слꙋ́-ша-е.те,по-слꙋ́-ша-е.те
по-слꙋ*ш.ли́въ,по-слꙋ*ш.ли́въ
по-сра́*м-ленъ,по-сра́*м-ленъ
по-ста́в.лєн-нымъ,по-ста́в.лєн-нымъ
по-ста́в.ленъ,по-ста́в.ленъ
по-ста́в.лю,по-ста́в.лю
по-сѣ.тѝ,по-сѣ.тѝ
по.те-кꙋ́тъ,по.те-кꙋ́тъ
по-то*п.ле́-нї-ѧ,по-то*п.ле́-нї-ѧ
по-то*п.ле́нъ,по-то*п.ле́нъ
по-то*п.лѧ́-е-ма,по-то*п.лѧ́-е-ма
по-то*п.лѧ́-етъ,по-то*п.лѧ́-етъ
по-тре*б.ле́-нї-е,по-тре*б.ле́-нї-е
по-тре*б.лю̀,по-тре*б.лю̀
по́-хѡ.ти,по́-хѡ.ти
по-че́р*плъ,по-че́р*плъ
по-черп.стѝ,по-черп.стѝ
по.ч*не́т-сѧ,по.ч*не́т-сѧ
по.ч*те́нъ,по.ч*те́нъ
по-ща.дѝ,по-ща.дѝ
по-ща.ди́тъ,по-ща.ди́тъ
по́.ѧ-са,по́.ѧ-са
пра́.в*да,пра́.в*да
пра́.вдо-ю,пра́.вдо-ю
пра́.в*дꙋ,пра́.в*дꙋ
пра́.в*ды,пра́.в*ды
пра́.в*дѣ,пра́.в*дѣ
пра́-ве*д-на,пра́-ве*д-на
пра́-ве*д-на-го,пра́-ве*д-на-го
пра́-ве*д-на-гѡ,пра́-ве*д-на-гѡ
пра́.вєд-ни-цы,пра́.вєд-ни-цы
пра́-ве*д-но-е,пра́-ве*д-но-е
пра́-ве*д-но-мꙋ,пра́-ве*д-но-мꙋ
пра́-ве*д-нꙋ,пра́-ве*д-нꙋ
пра́-ве*д-ный,пра́-ве*д-ный
пра́-ве*д-ны-ми,пра́-ве*д-ны-ми
пра́-ве*д-нымъ,пра́-ве*д-нымъ
пра́.вєд-нымъ,пра́.вєд-нымъ
пра́-ве*д-ныхъ,пра́-ве*д-ныхъ
пра́.вєд-ны-ѧ,пра́.вєд-ны-ѧ
пра́-ве*д-нѣ,пра́-ве*д-нѣ
пра́-дѣ*д.не-е,пра́-дѣ*д.не-е
пра́-дѣд.ню.ю,пра́-дѣд.ню.ю
пра́з.дне-ство,пра́з.дне-ство
пра́з.дни-ка,пра́з.дни-ка
пра́з.дни-ки,пра́з.дни-ки
пра́з.дни-кѡвъ,пра́з.дни-кѡвъ
пра́з.дни-кꙋ,пра́з.дни-кꙋ
пра́з.дникъ,пра́з.дникъ
пра́з.дни-цѣ,пра́з.дни-цѣ
праз-д*но-лю́б-цы,праз-д*но-лю́б-цы
пра́з-дн*ꙋ-имъ,пра́з-дн*ꙋ-имъ
пра́-ѻ.тецъ,пра́-ѻ.тецъ
пра́-ѻ.т*ца,пра́-ѻ.т*ца
пра́-ѻ.т*цєвъ,пра́-ѻ.т*цєвъ
пра́-ѻ.т*цꙋ,пра́-ѻ.т*цꙋ
пра́-ѻ.т*цы,пра́-ѻ.т*цы
пра́.ѻц҃євъ,пра́.ѻц҃євъ
пре-воз-но.сѧ̑-ща-ѧ,пре-воз-но.сѧ̑-ща-ѧ
пре*д.бы́сть,пре*д.бы́сть
пре*д.бѣ́д-ствꙋ-ю-ще,пре*д.бѣ́д-ствꙋ-ю-ще
пре*д.ва-рѝ,пре*д.ва-рѝ
пре*д.ва-ри́в-шы-ѧ,пре*д.ва-ри́в-шы-ѧ
пре*д.ва-ри́въ,пре*д.ва-ри́въ
пре*д.ва-ри́лъ,пре*д.ва-ри́лъ
пре*д.ва-рѧ́-етъ,пре*д.ва-рѧ́-етъ
пре*д.ва-рѧ́-ѧ,пре*д.ва-рѧ́-ѧ
пре*д.воз-вѣ-ща́-етъ,пре*д.воз-вѣ-ща́-етъ
пре*д.воз-вѣ-ща́-ю-щи,пре*д.воз-вѣ-ща́-ю-щи
пре*д.воз-вѣ-ща́-ѧ,пре*д.воз-вѣ-ща́-ѧ
пре*д.воз-гла-сѝ,пре*д.воз-гла-сѝ
пре*д.воз-гла-ша́-етъ,пре*д.воз-гла-ша́-етъ
пре*д.воз-сї-ѧ́в-ше-е,пре*д.воз-сї-ѧ́в-ше-е
пре*д.вѣ́ч-ный,пре*д.вѣ́ч-ный
пре*д.гла-го́-летъ,пре*д.гла-го́-летъ
пре*д.грѧ-де́тъ,пре*д.грѧ-де́тъ
пре*д.зри́-тель-ны-ма,пре*д.зри́-тель-ны-ма
пре*д.зрѣ́хъ,пре*д.зрѣ́хъ
пре*д.зрѧ̀,пре*д.зрѧ̀
пре*д.ла.га́-емъ,пре*д.ла.га́-емъ
пре*д.ла.га́-етъ,пре*д.ла.га́-етъ
пре*д.ла.га́-ю,пре*д.ла.га́-ю
пре*д.ла.га́-ѧ,пре*д.ла.га́-ѧ
пре*д.ле-жи́тъ,пре*д.ле-жи́тъ
пре*д.ло-же́-нї-е,пре*д.ло-же́-нї-е
пре*д.ло-же́-нї-ѧ,пре*д.ло-же́-нї-ѧ
пре*д.ло-жѝ,пре*д.ло-жѝ
пре*д.ло-жи́въ,пре*д.ло-жи́въ
пре*д.ло-жꙋ̀,пре*д.ло-жꙋ̀
пре*д.на-став-лѧ́-ѧ,пре*д.на-став-лѧ́-ѧ
пре*д.на-чи-на́-тель-номъ,пре*д.на-чи-на́-тель-номъ
пре*д.пи-са́,пре*д.пи-са́
пре*д.пи-са́въ,пре*д.пи-са́въ
пре*д.пи́-сан-но-мꙋ,пре*д.пи́-сан-но-мꙋ
пре*д.пи-са́-сѧ,пре*д.пи-са́-сѧ
пре*д.по-жрѐ,пре*д.по-жрѐ
пре*д.по-сла́-сѧ,пре*д.по-сла́-сѧ
пре*д.по-чти́-те,пре*д.по-чти́-те
пре*д.пра́здн-ства,пре*д.пра́здн-ства
пре*д.пра́здн-ство,пре*д.пра́здн-ство
пре*д.про-по-вѣ́-да-ша,пре*д.про-по-вѣ́-да-ша
пре*д.про-сте́р-ше,пре*д.про-сте́р-ше
пре*д.пꙋ-те-тво-ре́-нї-емъ,пре*д.пꙋ-те-тво-ре́-нї-емъ
пре*д.раз-сꙋ-ди́в-ше,пре*д.раз-сꙋ-ди́в-ше
пре*д.раз-сꙋ-жда́-етъ,пре*д.раз-сꙋ-жда́-етъ
пре*д.ра-зꙋ-ме́въ,пре*д.ра-зꙋ-ме́въ
пре*д.ре-кі́й,пре*д.ре-кі́й
пре*д.ре́клъ,пре*д.ре́клъ
пре*д.ре-чѐ,пре*д.ре-чѐ
пре*д.ре-че́н-но-е,пре*д.ре-че́н-но-е
пре*д.ре-че́н-ныхъ,пре*д.ре-че́н-ныхъ
пре*д.ре-че́-сѧ,пре*д.ре-че́-сѧ
пред.ста̀,пред.ста̀
пред.ста́-ви,пред.ста́-ви
пред.ста́-вилъ,пред.ста́-вилъ
пред.ста́-ви-те,пред.ста́-ви-те
пред.ста́-ви-ти,пред.ста́-ви-ти
пред.ста́в-шї-и,пред.ста́в-шї-и
пред.ста́въ,пред.ста́въ
пред.ста́лъ,пред.ста́лъ
пред.ста́-ни,пред.ста́-ни
пред.ста́-нꙋ,пред.ста́-нꙋ
пред.ста́-те-ли,пред.ста́-те-ли
пред.ста́-те-лї-е,пред.ста́-те-лї-е
пред.ста́-тель,пред.ста́-тель
пред.ста́-тель-ни-ца,пред.ста́-тель-ни-ца
пред.ста́-тель-ни-це,пред.ста́-тель-ни-це
пред.ста́-тель-ни-цꙋ,пред.ста́-тель-ни-цꙋ
пред.ста́-тель-ства,пред.ста́-тель-ства
пред.ста́-тель-ство,пред.ста́-тель-ство
пред.ста́-тель-ствомъ,пред.ста́-тель-ствомъ
пред.ста́-тель-ствꙋ,пред.ста́-тель-ствꙋ
пред.ста́-тель-ствы,пред.ста́-тель-ствы
пред.ста́-те-лю,пред.ста́-те-лю
пред.ста́-те-лѧ,пред.ста́-те-лѧ
пред.ста́-ти,пред.ста́-ти
пред.ста́-ша,пред.ста́-ша
пред.сто-и-тѐ,пред.сто-и-тѐ
пред.сто-и́тъ,пред.сто-и́тъ
пред.сто-и́-ши,пред.сто-и́-ши
пред.сто́л-пї-е,пред.сто́л-пї-е
пред.сто-ѧ̀,пред.сто-ѧ̀
пред.сто-ѧ́й,пред.сто-ѧ́й
пред.сто-ѧ́-нї-емъ,пред.сто-ѧ́-нї-емъ
пред.сто-ѧ́-тель,пред.сто-ѧ́-тель
пред.сто-ѧ́-те-лю,пред.сто-ѧ́-те-лю
пред.сто-ѧ́-те-лѧ,пред.сто-ѧ́-те-лѧ
пред.сто-ѧ́-ти,пред.сто-ѧ́-ти
пред.сто-ѧ́тъ,пред.сто-ѧ́тъ
пред.сто-ѧ́-ще,пред.сто-ѧ́-ще
пред.сто-ѧ́-щи,пред.сто-ѧ́-щи
пред.сто-ѧ́-щихъ,пред.сто-ѧ́-щихъ
пред.сто-ѧ́-щымъ,пред.сто-ѧ́-щымъ
пред.сто-ѧ́-щы-ѧ,пред.сто-ѧ́-щы-ѧ
пре*д.те́-ча,пре*д.те́-ча
пре*д.те́-че,пре*д.те́-че
пре*д.те́-че-во-ю,пре*д.те́-че-во-ю
пре*д.те́-че-вꙋ,пре*д.те́-че-вꙋ
пре*д.те́-чи,пре*д.те́-чи
пре*д.хо́-дѧтъ,пре*д.хо́-дѧтъ
пред̾.и-ди́-те,пред̾.и-ди́-те
пред̾.и-дꙋ́-щымъ,пред̾.и-дꙋ́-щымъ
пред̾-ꙋ-го.тов-лѧ́-етъ,пред̾-ꙋ-го.тов-лѧ́-етъ
пред̾-ꙋ-ка.за́-сѧ,пред̾-ꙋ-ка.за́-сѧ
пре-жде-ѡ.сщ҃е́н-ныхъ,пре-жде-ѡ.сщ҃е́н-ныхъ
пре.зи-ра́-ти,пре.зи-ра́-ти
пре.зи-ра́-ѧ,пре.зи-ра́-ѧ
пре.зрѣ̀,пре.зрѣ̀
пре.зрѣ́в-ше,пре.зрѣ́в-ше
пре.зрѣ́въ,пре.зрѣ́въ
пре.зрѣ́лъ,пре.зрѣ́лъ
пре.зрѣ́-ти,пре.зрѣ́-ти
пре.и-до́-сте,пре.и-до́-сте
пре.и-до́-ша,пре.и-до́-ша
пре-кла.нѧ́-ше-сѧ,пре-кла.нѧ́-ше-сѧ
пре-ла.га́-ше-сѧ,пре-ла.га́-ше-сѧ
пре.ль*сти́в-сѧ,пре.ль*сти́в-сѧ
пре.ль*сти́-вый,пре.ль*сти́-вый
пре.ль*сти́-ти,пре.ль*сти́-ти
пре.ль*сти́тъ,пре.ль*сти́тъ
пре.ль*сти́-ша-сѧ,пре.ль*сти́-ша-сѧ
пре.ль*ща́-ет-сѧ,пре.ль*ща́-ет-сѧ
пре.ль*ща́й-те-сѧ,пре.ль*ща́й-те-сѧ
пре-мⷣро-сти,пре*мⷣро-сти
пре-мⷣрость,пре*мⷣрость
пре-мⷣръ,пре*мⷣръ
пре-ми.нꙋ́хъ,пре-ми.нꙋ́хъ
пре.мно́-же-ствомъ,пре.мно́-же-ствомъ
пре-ѡ.гор-чи́-ша,пре-ѡ.гор-чи́-ша
пре-пⷣб*ный,пре*пⷣб*ный
пре-по-ло*в-лѧ́-ю,пре-по-ло*в-лѧ́-ю
пре-про-сла́в.ле-на,пре-про-сла́в.ле-на
пре-про-сла́в.лен-на-го,пре-про-сла́в.лен-на-го
пре-про-сла́в.лен-на-ѧ,пре-про-сла́в.лен-на-ѧ
пре-про-сла́в.лен-ный,пре-про-сла́в.лен-ный
пре-про-сла́в.ле-но,пре-про-сла́в.ле-но
пре-про-сла́в.ленъ,пре-про-сла́в.ленъ
пре-свѵ́.те-ра,пре-свѵ́.те-ра
пре-свѵ́.те.ры,пре-свѵ́.те.ры
пре-ста́в.лєн-ны-ѧ,пре-ста́в.лєн-ны-ѧ
пре-ста́в.ленъ,пре-ста́в.ленъ
пре-тер*п.лю̀,пре-тер*п.лю̀
пре.хва́ль-на-ѧ,пре.хва́ль-на-ѧ
пре.хва́ль-не,пре.хва́ль-не
пре.хва́ль-нї-и,пре.хва́ль-нї-и
пре.хва́ль-но,пре.хва́ль-но
пре.хо-ди́-ти,пре.хо-ди́-ти
пре.хо́-дитъ,пре.хо́-дитъ
пре.хо́-ди-ши,пре.хо́-ди-ши
пре.хо-дѧ̀,пре.хо-дѧ̀
пре.хо́-дѧтъ,пре.хо́-дѧтъ
пре.хо-дѧ́-ще,пре.хо-дѧ́-ще
пре.хо-жде́-нї-е,пре.хо-жде́-нї-е
пре.ч*тⷭ҇а-ѧ,пре.ч*тⷭ҇а-ѧ
пре.ч*тⷭ҇о-мꙋ,пре.ч*тⷭ҇о-мꙋ
пре.ч*тⷭ҇ый,пре.ч*тⷭ҇ый
при-бли́-жив.сѧ,при-бли́-жив.сѧ
при.в*ле́клъ,при.в*ле́клъ
при.вле-кꙋ̀,при.вле-кꙋ̀
при.в*ле-цы̀,при.в*ле-цы̀
при.вле-чѐ,при.вле-чѐ
при.вле-щѝ,при.вле-щѝ
при-гво.жда́-е-ма,при-гво.жда́-е-ма
при-гво.жда́-емъ,при-гво.жда́-емъ
при-гво.жда́-ет-сѧ,при-гво.жда́-ет-сѧ
при-гво.жде́-на,при-гво.жде́-на
при-гво.жде́н-на-го,при-гво.жде́н-на-го
при-гво.жде́н-на-гѡ,при-гво.жде́н-на-гѡ
при-гво.жде́нъ,при-гво.жде́нъ
при-з*ва̀,при-з*ва̀
при-з*ва́въ,при-з*ва́въ
при-з*ва́-вый,при-з*ва́-вый
при-з*ва́лъ,при-з*ва́лъ
при́.з*ванъ,при́.з*ванъ
при-з*ва́-ти,при-з*ва́-ти
при-з*ва́хъ,при-з*ва́хъ
при.зи-ра́-ю-ща-го,при.зи-ра́-ю-ща-го
при.зи-ра́-ѧй,при.зи-ра́-ѧй
при́-з*ри,при́-з*ри
при.з*рѣ̀,при.з*рѣ̀
при.з*рѣ́-ти,при.з*рѣ́-ти
при.зы-ва́-емъ,при.зы-ва́-емъ
при.зы-ва́-етъ,при.зы-ва́-етъ
при.зы-ва́-нї-емъ,при.зы-ва́-нї-емъ
при.зы-ва́-ти,при.зы-ва́-ти
при.зы-ва́-ю,при.зы-ва́-ю
при.зы-ва́-ю-ще,при.зы-ва́-ю-ще
при.зы-ва́-ю-щихъ,при.зы-ва́-ю-щихъ
при.зы-ва́-ю-щї-и,при.зы-ва́-ю-щї-и
при.зы-ва́-ю-щымъ,при.зы-ва́-ю-щымъ
при.зы-ва́-ю-щы-ѧ,при.зы-ва́-ю-щы-ѧ
при.зы-ва́-ѧ,при.зы-ва́-ѧ
при-ка.са́-ти-сѧ,при-ка.са́-ти-сѧ
при-ка.са́-ю-сѧ,при-ка.са́-ю-сѧ
при-ко́с-нет.сѧ,при-ко́с-нет.сѧ
при-лꙋ.чи́в-ша-гѡ-сѧ,при-лꙋ.чи́в-ша-гѡ-сѧ
при-лꙋ.чи́т-сѧ,при-лꙋ.чи́т-сѧ
приль.п*нѝ,приль.п*нѝ
при-лѣ́ж.нѡ,при-лѣ́ж.нѡ
при.лѣ-пи́л-сѧ,при.лѣ-пи́л-сѧ
при.лѣп-лѧ́-ти-сѧ,при.лѣп-лѧ́-ти-сѧ
при.ме-та́-е-ма,при.ме-та́-е-ма
при.ми-ре́-нї-е,при.ми-ре́-нї-е
при.ми-ре́-нї-ѧ,при.ми-ре́-нї-ѧ
при.ми-ри́-сѧ,при.ми-ри́-сѧ
при.ми-ри́-хом-сѧ,при.ми-ри́-хом-сѧ
при-не*с.ла̀,при-не*с.ла̀
при-ѡ.б*ща́-ѧ-сѧ,при-ѡ.б*ща́-ѧ-сѧ
при-ѡ.б*щи́в-шы-ѧ-сѧ,при-ѡ.б*щи́в-шы-ѧ-сѧ
при.ѡ.сѣ.не́н-на-ѧ,при.ѡ.сѣ.не́н-на-ѧ
при.ѡ.сѣ.не́н-нꙋ-ю,при.ѡ.сѣ.не́н-нꙋ-ю
при.ѡ.сѣ.не́н-ны-ѧ,при.ѡ.сѣ.не́н-ны-ѧ
при-па.де́мъ,при-па.де́мъ
при-па.дѝ,при-па.дѝ
при.пѣ-ва́-емъ,при.пѣ-ва́-емъ
при́.с*нѡ,при́.с*нѡ
при-сно-жи.во-пи-та́-нї-ѧ,при-сно-жи.во-пи-та́-нї-ѧ
при-сно-жи.во́-тї-ѧ,при-сно-жи.во́-тї-ѧ
при-сно-жи.вꙋ́-щꙋ,при-сно-жи.вꙋ́-щꙋ
при-сно.те-кꙋ́-щїй,при-сно.те-кꙋ́-щїй
при-сно-па́-мѧт.не,при-сно-па́-мѧт.не
при-сно.те-кꙋ́-ща-гѡ,при-сно.те-кꙋ́-ща-гѡ
при́.с*ный,при́.с*ный
при.тво́ръ,при.тво́ръ
при.тво́-рѣ,при.тво́-рѣ
при.те-ка́-емъ,при.те-ка́-емъ
при.те-ка́-ю,при.те-ка́-ю
при.те-ка́-ю-ще,при.те-ка́-ю-ще
при.те-ка́-ю-щихъ,при.те-ка́-ю-щихъ
при.те-ка́-ю-щї-и,при.те-ка́-ю-щї-и
при.те-ка́-ю-щымъ,при.те-ка́-ю-щымъ
при.те-ка́-ю-щы-ѧ,при.те-ка́-ю-щы-ѧ
при.те-ка́-ѧй,при.те-ка́-ѧй
при.те-це́мъ,при.те-це́мъ
при.тꙋ-пи́лъ,при.тꙋ-пи́лъ
при́.т*ча,при́.т*ча
при́.т*чахъ,при́.т*чахъ
при́.т*чей,при́.т*чей
при́.т*чи,при́.т*чи
при́.т*чꙋ,при́.т*чꙋ
при.ч*тѝ,при.ч*тѝ
прї-е́м.лю,прї-е́м.лю
прї-е́м.лютъ,прї-е́м.лютъ
прї.и-дѝ,прї.и-дѝ
прї.и-ди́-те,прї.и-ди́-те
прї.и-до́-сте,прї.и-до́-сте
прї.и-до́-хомъ,прї.и-до́-хомъ
прї.и-до́хъ,прї.и-до́хъ
прї.и-до́-ша,прї.и-до́-ша
прї.и-дꙋ̀,прї.и-дꙋ̀
прї-ѡ.сѣ.не́н-на-ѧ,прї-ѡ.сѣ.не́н-на-ѧ
прї-ѡ.сѣ.не́н-нꙋ-ю,прї-ѡ.сѣ.не́н-нꙋ-ю
прї-ѡ.сѣ.не́н-ны-ѧ,прї-ѡ.сѣ.не́н-ны-ѧ
про-гнѣ́-ва-е.ши-сѧ,про-гнѣ́-ва-е.ши-сѧ
про.з*ва̀,про.з*ва̀
про-зѧ-бе́.нї-е,про-зѧ-бе́.нї-е
про-зѧ-бе́.нї-емъ,про-зѧ-бе́.нї-емъ
про-зѧ*б.ла̀,про-зѧ*б.ла̀
про.и-до́-сте,про.и-до́-сте
про.и-до́-ша,про.и-до́-ша
про-и.зы́-де,про-и.зы́-де
про-ис.хо́-дитъ,про-ис.хо́-дитъ
про-ис.хо-жде́-нї-е,про-ис.хо-жде́-нї-е
про́.клѧтъ,про́.клѧтъ
про-мыш.ле́-нї-е,про-мыш.ле́-нї-е
про-мыш.ле́-нї-емъ,про-мыш.ле́-нї-емъ
про-мыш.ле́-нї-ѧ,про-мыш.ле́-нї-ѧ
про.р*цы̀,про.р*цы̀
про-свѣ.тѝ,про-свѣ.тѝ
про́-си.те,про́-си.те
про-сла*в.ле́-нї-е,про-сла*в.ле́-нї-е
про-сла́в.ле-но,про-сла́в.ле-но
про-сла́в.ленъ,про-сла́в.ленъ
про-сла́в.лю,про-сла́в.лю
про-сла*в.лѧ́-емъ,про-сла*в.лѧ́-емъ
про-сла*в.лѧ́-е-мый,про-сла*в.лѧ́-е-мый
про-сла*в.лѧ́-емь,про-сла*в.лѧ́-емь
про-сла*в.лѧ́-етъ,про-сла*в.лѧ́-етъ
про-сла*в.лѧ́-ти,про-сла*в.лѧ́-ти
про-сла*в.лѧ́-ю,про-сла*в.лѧ́-ю
про-сла*в.лѧ́-ютъ,про-сла*в.лѧ́-ютъ
про-сла*в.лѧ́-ю-ще,про-сла*в.лѧ́-ю-ще
про-сла*в.лѧ́-ѧ,про-сла*в.лѧ́-ѧ
про-сла*в.лѧ́-ѧй,про-сла*в.лѧ́-ѧй
прѡ.то-дї-а́-конъ,прѡ.то-дї-а́-конъ
прѡ.то-ле-ѡ́нъ,прѡ.то-ле-ѡ́нъ
про-цвѣ.тѐ,про-цвѣ.тѐ
про-цвѣ.тꙋ́тъ,про-цвѣ.тꙋ́тъ
про́-чи.ми,про́-чи.ми
про-ше-нї.о-да́в-че,про-ше-нї.о-да́в-че
про-ѧ.ви́-ша,про-ѧ.ви́-ша
прпⷣб*на-гѡ,прпⷣб*на-гѡ
прпⷣб*на-ѧ,прпⷣб*на-ѧ
прпⷣб*не,прпⷣб*не
прпⷣб*нї-и,прпⷣб*нї-и
прпⷣб*но-мꙋ,прпⷣб*но-мꙋ
прпⷣб*но-мч҃нка,прпⷣб*но-мч҃нка
прпⷣб*но-мч҃нкѡвъ,прпⷣб*но-мч҃нкѡвъ
прпⷣб*но-мч҃нкѡмъ,прпⷣб*но-мч҃нкѡмъ
прпⷣб*но-мч҃нцы,прпⷣб*но-мч҃нцы
прпⷣб*ный,прпⷣб*ный
прпⷣб*ны-ми,прпⷣб*ны-ми
прпⷣб*нымъ,прпⷣб*нымъ
прпⷣб*ныхъ,прпⷣб*ныхъ
прпⷣб*ны-ѧ,прпⷣб*ны-ѧ
прпⷣб*нѣй,прпⷣб*нѣй
прѣ.з*ре́-нꙋ,прѣ.з*ре́-нꙋ
п*сѝ,п*сѝ
п*ше-ни́-ца,п*ше-ни́-ца
п*ше-ни́-цꙋ,п*ше-ни́-цꙋ
п*ше-ни́-цы,п*ше-ни́-цы
п*ше-ни́ч-ны,п*ше-ни́ч-ны
пѣ́.сней,пѣ́.сней
пѣ́.снехъ,пѣ́.снехъ
пѣ́.сни,пѣ́.сни
пѣ̑.сни,пѣ̑.сни
пѣ́.снї-ю,пѣ́.снї-ю
пѣ.сно-пѣ́-вецъ,пѣ.сно-пѣ́-вецъ
пѣ.сно-пѣ́в-цы,пѣ.сно-пѣ́в-цы
пѣ.сно-пѣ́-нї-ю,пѣ.сно-пѣ́-нї-ю
пѣ.сно-пѣ́-нї-е,пѣ.сно-пѣ́-нї-е
пѣ-сно-сло́*в.лю,пѣ-сно-сло́*в.лю
пѣ-ше.мо-ре.хо-дѧ́-щымъ,пѣ-ше.мо-ре.хо-дѧ́-щымъ
пѣ-ше.хо́д.ца,пѣ-ше.хо́д.ца
пѣ-ше.хо-дѧ́-щꙋ,пѣ-ше.хо-дѧ́-щꙋ
ра-бы̑.ни,ра-бы̑.ни
ра́-до-неж.ска-гѡ,ра́-до-неж.ска-гѡ
ра́-дꙋ-ю-щи.сѧ,ра́-дꙋ-ю-щи.сѧ
ра́з.вѣ,ра́з.вѣ
ра*з-да-ѧ́-ше,ра*з-да-ѧ́-ше
раз.дра́-сѧ,раз.дра́-сѧ
раз.ж*жѐ,раз.ж*жѐ
раз.ж*же́-на,раз.ж*же́-на
раз.ж*же́-нї-е,раз.ж*же́-нї-е
раз.ж*жє́н-ны-ѧ,раз.ж*жє́н-ны-ѧ
раз.ж*жи́-те,раз.ж*жи́-те
ра́зн.ство,ра́зн.ство
раз-сла́б.лєн-ны-ѧ,раз-сла́б.лєн-ны-ѧ
ра*с.ка́-ет-сѧ,ра*с.ка́-ет-сѧ
ра*с.ка́-ѧ-нї-е,ра*с.ка́-ѧ-нї-е
ра*с.па-да́-ше-сѧ,ра*с.па-да́-ше-сѧ
ра*с.па-ла́-е-ма-ѧ,ра*с.па-ла́-е-ма-ѧ
ра*с.па-ла́-е-ми,ра*с.па-ла́-е-ми
ра*с.па-ла́-емь,ра*с.па-ла́-емь
ра*с.па-ла́-ста-сѧ,ра*с.па-ла́-ста-сѧ
ра*с.па-лѧ́-емь,ра*с.па-лѧ́-емь
ра*с.пе́н-ша-го-сѧ,ра*с.пе́н-ша-го-сѧ
ра*с.пе́н-ше-мꙋ-сѧ,ра*с.пе́н-ше-мꙋ-сѧ
ра*с.пи-на́-е-ма,ра*с.пи-на́-е-ма
ра*с.пи-на́-емь,ра*с.пи-на́-емь
ра*с.пи-на́-е-ши-сѧ,ра*с.пи-на́-е-ши-сѧ
ра*с.пнѝ,ра*с.пнѝ
ра*с.пны́й-сѧ,ра*с.пны́й-сѧ
ра*с.про-сте́ръ,ра*с.про-сте́ръ
рас.пѧ́л-сѧ,рас.пѧ́л-сѧ
рас.пѧ́-сѧ,рас.пѧ́-сѧ
рас.пѧ́-та-го,рас.пѧ́-та-го
рас.пѧ́-ти,рас.пѧ́-ти
рас.пѧ́-тї-е,рас.пѧ́-тї-е
рас.пѧ́-тї-ю,рас.пѧ́-тї-ю
рас.пѧ́-тї-ѧ,рас.пѧ́-тї-ѧ
рас.пѧ́т-сѧ,рас.пѧ́т-сѧ
ра́с.пѧтъ,ра́с.пѧтъ
рас.пѧ́-ша,рас.пѧ́-ша
ра*с.та́-ѧ-ша-сѧ,ра*с.та́-ѧ-ша-сѧ
ра*с.тво-рѝ,ра*с.тво-рѝ
ра*с.тво-ри́хъ,ра*с.тво-ри́хъ
ра*с.тер-за̀,ра*с.тер-за̀
ра*с.тер-за́в-ша-ѧ,ра*с.тер-за́в-ша-ѧ
ра*с.тер-за́въ,ра*с.тер-за́въ
ра*с.тер-за́лъ,ра*с.тер-за́лъ
ра*с.тлѝ,ра*с.тлѝ
ра*с.тлѣ́-сѧ,ра*с.тлѣ́-сѧ
ра*с.то́р*г.ни,ра*с.то́р*г.ни
ра*с.то́р*г-нꙋ-вый,ра*с.то́р*г-нꙋ-вый
ра*с.то́р-же,ра*с.то́р-же
ра*с.то-ча́т-сѧ,ра*с.то-ча́т-сѧ
ра*с.то-чє́н-на-ѧ,ра*с.то-чє́н-на-ѧ
ра*с.то-чи́лъ,ра*с.то-чи́лъ
ра.хи́ль,ра.хи́ль
ре.а́.ла,ре.а́.ла
ре.а́.ли,ре.а́.ли
ре.а́.лѡвъ,ре.а́.лѡвъ
ре.а́лъ,ре.а́лъ
ре́.брѡмъ,ре́.брѡмъ
ре.в*ни́-тель,ре.в*ни́-тель
ре.в*ни́-те-лю,ре.в*ни́-те-лю
ре.в*ни́-те-лѧ,ре.в*ни́-те-лѧ
ре́.в*но-сти,ре́.в*но-сти
ре́.в*но-стї-ю,ре́.в*но-стї-ю
ре́.в*ность,ре́.в*ность
ре.в*нꙋ́й,ре.в*нꙋ́й
ри̑.зы,ри̑.зы
рѡс.сі́-а,рѡс.сі́-а
рѡс.сі́-и,рѡс.сі́-и
рѡс.сі́й-ска-гѡ,рѡс.сі́й-ска-гѡ
рѡс.сі̑й-ска-ѧ,рѡс.сі̑й-ска-ѧ
рѡс.сі̑й-скимъ,рѡс.сі̑й-скимъ
рѡс.сі́й-скихъ,рѡс.сі́й-скихъ
рѡс.сі́й-скїй,рѡс.сі́й-скїй
рѡс.сі́й-скї-ѧ,рѡс.сі́й-скї-ѧ
рѡс.сі̑й-скї-ѧ,рѡс.сі̑й-скї-ѧ
рѡс.сі́й-скꙋ-ю,рѡс.сі́й-скꙋ-ю
рѡс.сі́й-стї-и,рѡс.сі́й-стї-и
рѡс.сі́й-стѣй,рѡс.сі́й-стѣй
рꙋ.ко-пи-са́-нї-е,рꙋ.ко-пи-са́-нї-е
рꙋ̑.пї-и,рꙋ̑.пї-и
рꙋ.фі́нъ,рꙋ.фі́нъ
рꙋ́ч.ка,рꙋ́ч.ка
рꙋ́ч.ко,рꙋ́ч.ко
рѧ̑-с*ны,рѧ̑-с*ны
са-ва.ѡ́-ѳа,са-ва.ѡ́-ѳа
са-ва.ѡ́ѳъ,са-ва.ѡ́ѳъ
са-ма.рѧ-ны́-ни,са-ма.рѧ-ны́-ни
са-ма.рѧ-ны́-нѧ,са-ма.рѧ-ны́-нѧ
сам.ѱѡ́-на,сам.ѱѡ́-на
сам.ѱѡ́нъ,сам.ѱѡ́нъ
са́р.ра,са́р.ра
с*бꙋ́-дет-сѧ,с*бꙋ́-дет-сѧ
с*бы́ст-сѧ,с*бы́ст-сѧ
с*бы-тї-ѐ,с*бы-тї-ѐ
свѣ*т.ла̀,свѣ*т.ла̀
свѣ́т*л-шꙋ-ю,свѣ́т*л-шꙋ-ю
свѣ́т.лѣ,свѣ́т.лѣ
свѣ*т.лѣ́-е,свѣ*т.лѣ́-е
свѣ*т.лѣ́-ет-сѧ,свѣ*т.лѣ́-ет-сѧ
свѣ*т.лѣ́й-ше,свѣ*т.лѣ́й-ше
свѣ*т.лѣ́й-ше-е,свѣ*т.лѣ́й-ше-е
свѣ*т.лѣ́й-ши,свѣ*т.лѣ́й-ши
свѣ*т.лѣ́й-шїй,свѣ*т.лѣ́й-шїй
свѣ́т.лѣмъ,свѣ́т.лѣмъ
свѣ-то-ѻ*б.ра̑*з-на-ѧ,свѣ-то-ѻ*б.ра̑*з-на-ѧ
свѣ-то-за.ре́-нї-емъ,свѣ-то-за.ре́-нї-емъ
свѧ-то.пер-во-чи́-ста-ѧ,свѧ-то.пер-во-чи́-ста-ѧ
свѧ́*т.че,свѧ́*т.че
свѧ-щен.но-та́й-нѣ,свѧ-щен.но-та́й-нѣ
свѧ-щен.но-та-и́н-ни-че,свѧ-щен.но-та-и́н-ни-че
свѧ-щен-но-ѧ*в-ле́н-не,свѧ-щен-но-ѧ*в-ле́н-не
се́*дмь,се́*дмь
се́*дмь-де-сѧтъ,се́*дмь-де-сѧтъ
сер.де́цъ,сер.де́цъ
сер.дє́ч-на-ѧ,сер.дє́ч-на-ѧ
сер.де́ч-но-е,сер.де́ч-но-е
сер.де́ч-но-ю,сер.де́ч-но-ю
сер.де́ч-ны-ѧ,сер.де́ч-ны-ѧ
сер.дє́ч-ны-ѧ,сер.дє́ч-ны-ѧ
се́р.дца,се́р.дца
сер.дца́,сер.дца́
сер.дца̀,сер.дца̀
сер.дца́хъ,сер.дца́хъ
се́р.дце,се́р.дце
сер.дце-вѣ́д-че,сер.дце-вѣ́д-че
се́р.дцемъ,се́р.дцемъ
се́р.дцꙋ,се́р.дцꙋ
се́р.дцы,се́р.дцы
се́р.дцѣ,се́р.дцѣ
си̑.рымъ,си̑.рымъ
сїл.ва́нъ,сїл.ва́нъ
сїл-ве́*стръ,сїл-ве́*стръ
сї.лꙋ-а́-на,сї.лꙋ-а́-на
сї.лꙋ-а́-не,сї.лꙋ-а́-не
сї-ме-ѡ́.нѣ,сї-ме-ѡ́.нѣ
сі́-мѡ.нꙋ,сі́-мѡ.нꙋ
скво.зѣ̀,скво.зѣ̀
ски́*птръ,ски́*птръ
ско́.ра-го,ско́.ра-го
ско́.ра-ѧ,ско́.ра-ѧ
скор.бе́й,скор.бе́й
скорб-лю̀,скор.б*лю̀
скорб-мѝ,скор.б*мѝ
скор.бѣ́-ти,скор.бѣ́-ти
скор.бѧ́-ще,скор.бѧ́-ще
скор.бѧ́-щихъ,скор.бѧ́-щихъ
скор.бѧ́-щымъ,скор.бѧ́-щымъ
скор.бѧ́-щы-ѧ,скор.бѧ́-щы-ѧ
сла́-ви.ма,сла́-ви.ма
сла́-ви.ма-го,сла́-ви.ма-го
сла́-ви.ма-гѡ,сла́-ви.ма-гѡ
сла́-ви.мо-мꙋ,сла́-ви.мо-мꙋ
сла́-ви.мый,сла́-ви.мый
сла́вн.ша-ѧ,сла́вн.ша-ѧ
сла́вн.шꙋ-ю,сла́вн.шꙋ-ю
сла-во-сло́-ви.ма,сла-во-сло́-ви.ма
сла-во-сло́-ви.ма-ѧ,сла-во-сло́-ви.ма-ѧ
сла-во-сло́-ви.мый,сла-во-сло́-ви.мый
сла-во-слов-лє́-нї-и,сла-во-сло.в*лє́-нї-и
сла-во-сло́в-лю,сла-во-сло́.в*лю
сла́.д*ка-гѡ,сла́.д*ка-гѡ
сла̑.д*ка-ѧ,сла̑.д*ка-ѧ
сла́.д*кихъ,сла́.д*кихъ
сла́.д*кїй,сла́.д*кїй
сла.д*ко-пѣ́-нї-е,сла.д*ко-пѣ́-нї-е
сла.д*ко-пѣ́-нї-ѧ,сла.д*ко-пѣ́-нї-ѧ
сла.д*ко-пѣ́-снен-нꙋ-ю,сла.д*ко-пѣ́-снен-нꙋ-ю
сла́.д*ко-е,сла́.д*ко-е
сла.д*ко-пѣ́-нї-емъ,сла.д*ко-пѣ́-нї-емъ
сла́.д*ко-ю,сла́.д*ко-ю
сла-до.стра́-стї-е,сла-до.стра́-стї-е
с*ле-жа́-ща,с*ле-жа́-ща
с*ле́-за-ми,с*ле́-за-ми
с*ле.за́-ми,с*ле.за́-ми
с*ле.за́хъ,с*ле.за́хъ
с*ле.зи-тѐ,с*ле.зи-тѐ
с*ле́з-ны-ми,с*ле́з-ны-ми
с*ле.зо.то-ча́-ща-ѧ,с*ле.зо.то-ча́-ща-ѧ
с*ле́-зꙋ,с*ле́-зꙋ
с*ле́зъ,с*ле́зъ
с*ле́.зы,с*ле́.зы
с*ле.зѧ́-щи,с*ле.зѧ́-щи
слꙋ́*ж-ба,слꙋ́*ж-ба
слꙋ́*ж-бꙋ,слꙋ́*ж-бꙋ
слꙋ́*ж-бы,слꙋ́*ж-бы
с*лꙋ̑ж-бы,с*лꙋ̑ж-бы
слꙋ́*ж-бѣ,слꙋ́*ж-бѣ
с*лꙋ-чи́т-сѧ,с*лꙋ-чи́т-сѧ
слы́-ша.ла,слы́-ша.ла
слы́-ша.хомъ,слы́-ша.хомъ
слы́-ша.хꙋ,слы́-ша.хꙋ
слѣ.п*і́-и,слѣ.п*і́-и
слѣ.по́-мꙋ,слѣ.по́-мꙋ
слѣ.по́мъ,слѣ.по́мъ
слѣ.пы́й,слѣ.пы́й
слѣ.пы̑мъ,слѣ.пы̑мъ
слѣ.пы́хъ,слѣ.пы́хъ
слѣ.пы̑-ѧ,слѣ.пы̑-ѧ
сма-ра́*гдъ,сма-ра́*гдъ
сми-рен-но-мꙋ́.дрї-е,сми-рен-но-мꙋ́.дрї-е
сми-рен-но-мꙋ́.д*рї-емъ,сми-рен-но-мꙋ́.д*рї-емъ
сми-рен-но-мꙋ́.д*рї-ѧ,сми-рен-но-мꙋ́.д*рї-ѧ
сми-ре.но-мꙋ́др-ствꙋ-ю-ще-е,сми-ре.но-мꙋ́др-ствꙋ-ю-ще-е
смꙋ.ти́-ти-сѧ,смꙋ.ти́-ти-сѧ
сна.бдѣ́-нї-е,сна.бдѣ́-нї-е
с*на-сла-жда́-ю-ще-сѧ,с*на-сла-жда́-ю-ще-сѧ
с*не́мъ,с*не́мъ
с*ни.схо-жде́-нї-ѧ,с*ни.схо-жде́-нї-ѧ
с*но́мъ,с*но́мъ
с*нѣ̀,с*нѣ̀
с*нѣ́-га,с*нѣ́-га
с*нѣ́гъ,с*нѣ́гъ
с*нѣ-да́-ѧй,с*нѣ-да́-ѧй
с*нѣ́-ди,с*нѣ́-ди
с*нѣ́-дї-ю,с*нѣ́-дї-ю
с*нѣ́дь,с*нѣ́дь
с*нѣ́-дѣхъ,с*нѣ́-дѣхъ
с*нѣ-дѧ́тъ,с*нѣ-дѧ́тъ
с*нѣ́-си,с*нѣ́-си
с*нѣ́-сте,с*нѣ́-сте
с*нѣ́-сти,с*нѣ́-сти
с*нѣ́стъ,с*нѣ́стъ
с*нѣ́сть,с*нѣ́сть
со-бе.рꙋ̀,со-бе.рꙋ̀
со-бла̑*знъ,со-бла̑*знъ
со-во-кꙋ.пѝ,со-во-кꙋ.пѝ
со-во-кꙋ.пи́в-ша-ѧ,со-во-кꙋ.пи́в-ша-ѧ
со-во-кꙋ.пи́-вый,со-во-кꙋ.пи́-вый
со-во-кꙋ.пи́л-сѧ,со-во-кꙋ.пи́л-сѧ
со-во-кꙋ.пи́-ти,со-во-кꙋ.пи́-ти
со-во-кꙋ.пи́тъ,со-во-кꙋ.пи́тъ
со-во-кꙋ.пле́-нї-е,со-во-кꙋ.пле́-нї-е
сож.жѐ,сож.жѐ
со.жи-га́-ю-щи,со.жи-га́-ю-щи
со.жи́лъ,со.жи́лъ
со.жи́-те-лѧ,со.жи́-те-лѧ
со-за.дѝ,со-за.дѝ
со.зва́,со.зва́
со.зда̀,со.зда̀
со.зда́в-ша-го,со.зда́в-ша-го
со.зда́в-ша-гѡ,со.зда́в-ша-гѡ
со.зда́в-ше-мꙋ,со.зда́в-ше-мꙋ
со.зда́въ,со.зда́въ
со.зда́-вый,со.зда́-вый
со.з*да́лъ,со.з*да́лъ
со.зда́-нї-е,со.зда́-нї-е
со.зда́-нї-ю,со.зда́-нї-ю
со.зда́-нї-ѧ,со.зда́-нї-ѧ
со.з*да̑н-на-ѧ,со.з*да̑н-на-ѧ
сѡ́.з*дан-на-ѧ,сѡ́.з*дан-на-ѧ
со.зда́н-но-е,со.зда́н-но-е
со.з*да́-сѧ,со.з*да́-сѧ
со.з*да́-тель,со.з*да́-тель
со.з*да́-те-лю,со.з*да́-те-лю
со.з*да́-те-лѧ,со.з*да́-те-лѧ
со.з*да́-ти,со.з*да́-ти
со-зы.ва́-етъ,со-зы.ва́-етъ
со-зы.ва́-ю-ще,со-зы.ва́-ю-ще
со-зы.ва́-ю-щи,со-зы.ва́-ю-щи
со-зы.ва́-ю-щꙋ,со-зы.ва́-ю-щꙋ
со-ис.пол-нѧ́-ѧ,со-ис.пол-нѧ́-ѧ
со́лн.це,со́лн.це
со-ло-ве́ц.ка-гѡ,со-ло-ве́ц.ка-гѡ
со-ло-ве́ц.кихъ,со-ло-ве́ц.кихъ
со-ни.рі́лъ,со-ни.рі́лъ
со-при*ч.тѝ,со-при*ч.тѝ
со.прѧ́-тавъ,со.прѧ́-тавъ
со.сцы̀,со.сцы̀
со.трѐ,со.трѐ
со-че.та́л-сѧ,со-че.та́л-сѧ
со-че.та́-нї-е,со-че.та́-нї-е
спа-сє́.ны,спа-сє́.ны
спа*с.ла̀,спа*с.ла̀
спа*с.ло̀,спа*с.ло̀
с*па-сти́,с*па-сти́
с*па-стѝ,с*па-стѝ
с*па-сти́-сѧ,с*па-сти́-сѧ
с*пи́-ши,с*пи́-ши
спо-до́*б-лю-сѧ,спо-до́*б-лю-сѧ
спо-до*б.лѧ́-ет-сѧ,спо-до*б.лѧ́-ет-сѧ
спо-до*б.лѧ́-ѧ,спо-до*б.лѧ́-ѧ
спо-до*б.лѧ́-ѧй-сѧ,спо-до*б.лѧ́-ѧй-сѧ
сра.мо-тꙋ̀,сра.мо-тꙋ̀
сра.мо-ты̀,сра.мо-ты̀
сра.с*пи-на́-емь,сра.с*пи-на́-емь
сра.с*пи-на́-ю-сѧ,сра.с*пи-на́-ю-сѧ
срє́.брѧ-ны,срє́.брѧ-ны
сре.д*не-а-ме-рї-ка́н-ско-е,сре.д*не-а-ме-рї-ка́н-ско-е
сре.д*не-єѵ-рѡ-пе́й-ско-е,сре.д*не-єѵ-рѡ-пе́й-ско-е
сре́.д*не-е,сре́.д*не-е
сре́д*ствъ,сре́д*ствъ
срѣ́.тилъ,срѣ́.тилъ
с*са́-ша,с*са́-ша
с*сѣ́-четъ,с*сѣ́-четъ
сте.зѧ́мъ,сте.зѧ́мъ
сте.зѧ́хъ,сте.зѧ́хъ
стї-хи̑.ры,стї-хи̑.ры
стї-хо-ло.ги-сꙋ́-емъ,стї-хо-ло.ги-сꙋ́-емъ
ст҃о.мꙋ,ст҃о.мꙋ
стра-да́.лецъ,стра-да́.лецъ
стра*ж.бы̑,стра*ж.бы̑
стра-сто-те́р-пи.це,стра-сто-те́р-пи.це
стра.ти.ла́-та,стра.ти.ла́-та
стро́.и.ти,стро́.и.ти
стро́-пот.но,стро́-пот.но
ст*ꙋ-ден-ца̀,ст*ꙋ-ден-ца̀
ст*ꙋ-до́мъ,ст*ꙋ-до́мъ
стѣ.на́,стѣ.на́
стѣ.но̀,стѣ.но̀
стѣ.нѣ̀,стѣ.нѣ̀
стѧ.жа̀,стѧ.жа̀
стѧ.жа́в-ша-ѧ,стѧ.жа́в-ша-ѧ
стѧ.жа́в-ше,стѧ.жа́в-ше
стѧ.жа́в-ши,стѧ.жа́в-ши
стѧ.жа́въ,стѧ.жа́въ
стѧ.жа́-вый,стѧ.жа́-вый
стѧ.жа́-ла,стѧ.жа́-ла
стѧ.жа́лъ,стѧ.жа́лъ
стѧ.жа́-нї-е,стѧ.жа́-нї-е
стѧ.жа́-ти,стѧ.жа́-ти
стѧ.жа́-хомъ,стѧ.жа́-хомъ
стѧ.жа́хъ,стѧ.жа́хъ
стѧ.жи́,стѧ.жи́
стѧ.жѝ,стѧ.жѝ
сꙋ́.ет.на-гѡ,сꙋ́.ет.на-гѡ
сꙋ́.ет.но,сꙋ́.ет.но
сꙋ́.ет.ныхъ,сꙋ́.ет.ныхъ
сꙋ.е-тꙋ̀,сꙋ.е-тꙋ̀
сꙋ.е-ты̀,сꙋ.е-ты̀
сꙋ.е-тѣ̀,сꙋ.е-тѣ̀
сꙋ.і́м*влъ,сꙋ.і́м*влъ
сꙋ̑.ма,сꙋ̑.ма
сꙋ-прꙋ́.гѣ,сꙋ-прꙋ́.гѣ
сꙋ.ров-ство̀,сꙋ.ров-ство̀
сꙋ́.щѡ,сꙋ́.щѡ
с*ше́дъ,с*ше́дъ
с*ше́-дый,с*ше́-дый
сы.но-тво-ре́-но-е,сы.но-тво-ре́-но-е
сы.ро-пꙋ́ст-на-ѧ,сы.ро-пꙋ́ст-на-ѧ
сы.ро-пꙋ́ст-нꙋ-ю,сы.ро-пꙋ́ст-нꙋ-ю
сѷ-ме-ѡ́.на,сѷ-ме-ѡ́.на
сѷ-ме-ѡ́.не,сѷ-ме-ѡ́.не
сѷ-ме-ѡ́.номъ,сѷ-ме-ѡ́.номъ
сѷ-ме-ѡ́.нꙋ,сѷ-ме-ѡ́.нꙋ
сѷ-на-ѯа́.рїй,сѷ-на-ѯа́.рїй
та́-ин*ствъ,та́-ин*ствъ
та.тї-ѡ́нъ,та.тї-ѡ́нъ
т*ва́-рей,т*ва́-рей
т*ва́-ри,т*ва́-ри
т*ва́-рї-ю,т*ва́-рї-ю
т*ва́рь,т*ва́рь
т*ва́рь-ми,т*ва́рь-ми
т*ве́р-да,т*ве́р-да
т*ве́р-да-гѡ,т*ве́р-да-гѡ
т*ве́р-ди,т*ве́р-ди
т*ве́р-до,т*ве́р-до
т*ве́р-дѡ,т*ве́р-дѡ
т*ве́р-до-е,т*ве́р-до-е
т*ве́р-домъ,т*ве́р-домъ
т*ве́р-до-стї-ю,т*ве́р-до-стї-ю
т*ве́р-дость,т*ве́р-дость
т*ве́р.дꙋ,т*ве́р.дꙋ
т*ве́р-дꙋ-ю,т*ве́р-дꙋ-ю
т*ве́рдъ,т*ве́рдъ
т*ве́р-дый,т*ве́р-дый
т*ве́р-дымъ,т*ве́р-дымъ
твє́р-ды.ѧ,твє́р-ды.ѧ
т*ве́рдь,т*ве́рдь
т*ве́р.дѣмъ,т*ве́р.дѣмъ
тв*ѡ-и́мъ,тв*ѡ-и́мъ
те-зо.и-ме-ни́-те,те-зо.и-ме-ни́-те
те-зо.и-ме-ни́-то-мꙋ,те-зо.и-ме-ни́-то-мꙋ
те-зо.и-ме-ни́тъ,те-зо.и-ме-ни́тъ
тем.ни́-цахъ,тем.ни́-цахъ
тем.ни́-цꙋ,тем.ни́-цꙋ
тем.ни́-цы,тем.ни́-цы
тем.ни́-цѣ,тем.ни́-цѣ
тер.п*лю̀,тер.п*лю̀
ти́-хо.мꙋ,ти́-хо.мꙋ
ті́.грїй,ті́.грїй
т*ма̀,т*ма̀
т*мо-ри́ч-ныхъ,т*мо-ри́ч-ныхъ
т*мо́-ю,т*мо́-ю
т*мꙋ̀,т*мꙋ̀
т*мы̀,т*мы̀
т*мѣ̀,т*мѣ̀
то́.кмѡ,то́.кмѡ
тор-же́*ствъ,тор-же́*ствъ
то́-чат.сѧ,то́-чат.сѧ
тра-пе́.зы,тра-пе́.зы
трє́.би-ща,трє́.би-ща
трез.ви́-сѧ,трез.ви́-сѧ
трез.вѣ́-нї-е,трез.вѣ́-нї-е
трез.вѣ́-нї-ѧ,трез.вѣ́-нї-ѧ
тре.мѝ,тре.мѝ
тре́-пе.томъ,тре́-пе.томъ
тре́-тї-ѧ.гѡ,тре́-тї-ѧ.гѡ
три-пѣ́с.нецъ,три-пѣ́с.нецъ
три-пѣ́сн.ца,три-пѣ́сн.ца
трї.ѷ-по-ста́*с-на-гѡ,трї.ѷ-по-ста́*с-на-гѡ
трї.ѷ-по-ста́*с-но-е,трї.ѷ-по-ста́*с-но-е
трї.ѷ-по-ста́*с-на-ѧ,трї.ѷ-по-ста́*с-на-ѧ
тро́.и-цы,тро́.и-цы
тро́.ич-нѡ,тро́.ич-нѡ
трⷪ҇ч*ны,трⷪ҇ч*ны
трꙋ.ды̀,трꙋ.ды̀
тꙋ́.че-ю,тꙋ́.че-ю
ть*ма̀,ть*ма̀
ть*мо́-ю,ть*мо́-ю
ть*мꙋ̀,ть*мꙋ̀
ть*мы̀,ть*мы̀
ть*мѣ̀,ть*мѣ̀
тѣ-лє́*с-на-ѧ,тѣ-лє́*с-на-ѧ
тѣ-лє́*с-ны-ѧ,тѣ-лє́*с-ны-ѧ
тѣ.сно-ты̀,тѣ.сно-ты̀
тѣ́.сный,тѣ́.сный
тѣ́.снымъ,тѣ́.снымъ
тѧ̑*ж.ка-ѧ,тѧ̑*ж.ка-ѧ
тѧ́*ж.кихъ,тѧ́*ж.кихъ
тѧ́*ж.кѡ,тѧ́*ж.кѡ
тѧ́*ж.ко-е,тѧ́*ж.ко-е
тѷ*м.па́-ны,тѷ*м.па́-ны
тѷ*м.па́-нѣ,тѷ*м.па́-нѣ
ѹ҆.а-лен-ті́нъ,ѹ҆.а-лен-ті́нъ
ѹ҆.а-ле-рї-а́нъ,ѹ҆.а-ле-рї-а́нъ
ѹ҆.ал-ле́-рїй,ѹ҆.ал-ле́-рїй
ѹ҆.вѣ-рѧ́-ю-ще,ѹ҆.вѣ-рѧ́-ю-ще
ѹ҆.вѣ-рѧ́-ѧ,ѹ҆.вѣ-рѧ́-ѧ
ѹ҆-вѧ́зл.сѧ,ѹ҆-вѧ́зл.сѧ
ѹ҆́.глї-е,ѹ҆́.глї-е
ѹ҆́.глѧ,ѹ҆́.глѧ
ѹ҆-го.ди́лъ,ѹ҆-го.ди́лъ
ѹ҆-го.ди́-ти,ѹ҆-го.ди́-ти
ѹ҆-го.жда́-ти,ѹ҆-го.жда́-ти
ѹ҆-го.то́-ва,ѹ҆-го.то́-ва
ѹ҆-го.то́-вай-те,ѹ҆-го.то́-вай-те
ѹ҆-го.то́-валъ,ѹ҆-го.то́-валъ
ѹ҆-го.то́-ва-сѧ,ѹ҆-го.то́-ва-сѧ
ѹ҆-го.то́-вахъ,ѹ҆-го.то́-вахъ
ѹ҆-го.то́-ва-ша,ѹ҆-го.то́-ва-ша
ѹ҆-го.то́-ви-сѧ,ѹ҆-го.то́-ви-сѧ
ѹ҆-го.тов-лѧ́-ет-сѧ,ѹ҆-го.тов-лѧ́-ет-сѧ
ѹ҆-дав.ле́-нї-е,ѹ҆-дав.ле́-нї-е
ѹ҆́-жа.сѣ,ѹ҆́-жа.сѣ
ѹ҆́*ж-градъ,ѹ҆́*ж-градъ
ѹ҆.з*ды̑,ѹ҆.з*ды̑
ѹ҆́з.ни-ки,ѹ҆́з.ни-ки
ѹ҆́-зрит.сѧ,ѹ҆́-зрит.сѧ
ѹ҆.з*рѣ̀,ѹ҆.з*рѣ̀
ѹ҆.з*рѣ́въ,ѹ҆.з*рѣ́въ
ѹ҆.з*рѣ́-ла,ѹ҆.з*рѣ́-ла
ѹ҆.з*рѣ́лъ,ѹ҆.з*рѣ́лъ
ѹ҆.з*рѣ́-ти,ѹ҆.з*рѣ́-ти
ѹ҆.зрю̀,ѹ҆.зрю̀
ѹ҆́.зрѧтъ,ѹ҆́.зрѧтъ
ѹ҆́.зы,ѹ҆́.зы
ѹ҆-ко.ри́з-нꙋ,ѹ҆-ко.ри́з-нꙋ
ѹ҆-ко.ри́-те-лї-е,ѹ҆-ко.ри́-те-лї-е
ѹ҆-ко.ри́-ша,ѹ҆-ко.ри́-ша
ѹ҆-мер*т.вѝ,ѹ҆-мер*т.вѝ
ѹ҆-мер*т.ви́в-сѧ,ѹ҆-мер*т.ви́в-сѧ
ѹ҆-мер*т.ви́в-ше,ѹ҆-мер*т.ви́в-ше
ѹ҆-мер*т.ви́въ,ѹ҆-мер*т.ви́въ
ѹ҆-мер*т.ви́-вый,ѹ҆-мер*т.ви́-вый
ѹ҆-мер*т.ви́лъ,ѹ҆-мер*т.ви́лъ
ѹ҆-мер*т.ви́-сѧ,ѹ҆-мер*т.ви́-сѧ
ѹ҆-мер*т.ви́-ти,ѹ҆-мер*т.ви́-ти
ѹ҆-мер*т.ви́х-сѧ,ѹ҆-мер*т.ви́х-сѧ
ѹ҆-мерщ.вле́й,ѹ҆-мерщ.вле́й
ѹ҆-мерщ.вле́-на,ѹ҆-мерщ.вле́-на
ѹ҆-мерщ.вле́-нї-е,ѹ҆-мерщ.вле́-нї-е
ѹ҆-мерщ.вле́-нї-емъ,ѹ҆-мерщ.вле́-нї-емъ
ѹ҆-мерщ.вле́-нї-и,ѹ҆-мерщ.вле́-нї-и
ѹ҆-мерщ.вле́-нї-ѧ,ѹ҆-мерщ.вле́-нї-ѧ
ѹ҆-мерщ.вле́н-на-го,ѹ҆-мерщ.вле́н-на-го
ѹ҆-мерщ.вле́н-нꙋ-ю,ѹ҆-мерщ.вле́н-нꙋ-ю
ѹ҆-мерщ.вле́н-ныхъ,ѹ҆-мерщ.вле́н-ныхъ
ѹ҆-мерщ.в*лє́н-ны-ѧ,ѹ҆-мерщ.в*лє́н-ны-ѧ
ѹ҆-мерщ.влѧ́-е-ми,ѹ҆-мерщ.влѧ́-е-ми
ѹ҆-мерщ.влѧ́-ет-сѧ,ѹ҆-мерщ.влѧ́-ет-сѧ
ѹ҆-мерщ.влѧ́-ѧ,ѹ҆-мерщ.влѧ́-ѧ
ѹ҆́м-нꙋ.ю,ѹ҆́м-нꙋ.ю
ѹ҆́-м*ремъ,ѹ҆́-м*ремъ
ѹ҆́-мре.ши,ѹ҆́-мре.ши
ѹ҆*н-зе́нъ,ѹ҆*н-зе́нъ
ѹ҆-праз*д.нѝ,ѹ҆-праз*д.нѝ
ѹ҆-праз*д.ни́-вый,ѹ҆-праз*д.ни́-вый
ѹ҆-праз*д.ни́лъ,ѹ҆-праз*д.ни́лъ
ѹ҆-праз*д.ни́-сѧ,ѹ҆-праз*д.ни́-сѧ
ѹ҆-праз*д.ни́тъ,ѹ҆-праз*д.ни́тъ
ѹ҆-праз*д.ни́-ша,ѹ҆-праз*д.ни́-ша
ѹ҆-се́рд.на-ѧ,ѹ҆-се́рд.на-ѧ
ѹ҆-се́рд.нѡ,ѹ҆-се́рд.нѡ
ѹ҆-се́рд.ный,ѹ҆-се́рд.ный
ѹ҆-се́рд.нѣ,ѹ҆-се́рд.нѣ
ѹ҆-слы́-ша.вый,ѹ҆-слы́-ша.вый
ѹ҆-смо.трѝ,ѹ҆-смо.трѝ
ѹ҆-со́п.шихъ,ѹ҆-со́п.шихъ
ѹ҆-со́п.шымъ,ѹ҆-со́п.шымъ
ѹ҆-со́п.шы-ѧ,ѹ҆-со́п.шы-ѧ
ѹ҆ст.на́-ма,ѹ҆ст.на́-ма
ѹ҆ст.на́-ми,ѹ҆ст.на́-ми
ѹ҆ст.на́мъ,ѹ҆ст.на́мъ
ѹ҆ст.на́хъ,ѹ҆ст.на́хъ
ѹ҆ст.ны̀,ѹ҆ст.ны̀
ѹ҆ст.нѣ́,ѹ҆ст.нѣ́
ѹ҆ст.нѣ̀,ѹ҆ст.нѣ̀
ѹ҆-стро́.и-вый,ѹ҆-стро́.и-вый
ѹ҆-стро́.и.ти,ѹ҆-стро́.и.ти
ѹ҆-сѣк.но-ве́-нї-е,ѹ҆-сѣк.но-ве́-нї-е
ѹ҆́.т*варь,ѹ҆́.т*варь
ѹ҆.твер-ди́,ѹ҆.твер-ди́
ѹ҆.твер-дѝ,ѹ҆.твер-дѝ
ѹ҆.твер-ди́в-сѧ,ѹ҆.твер-ди́в-сѧ
ѹ҆.твер-ди́в-ша-го,ѹ҆.твер-ди́в-ша-го
ѹ҆.твер-ди́въ,ѹ҆.твер-ди́въ
ѹ҆.твер-ди́-вый,ѹ҆.твер-ди́-вый
ѹ҆.твер-ди́лъ,ѹ҆.твер-ди́лъ
ѹ҆.твер-ди́-сѧ,ѹ҆.твер-ди́-сѧ
ѹ҆.твер-ди́-те,ѹ҆.твер-ди́-те
ѹ҆.твер-ди́-те-сѧ,ѹ҆.твер-ди́-те-сѧ
ѹ҆.твер-ди-те́-сѧ,ѹ҆.твер-ди-те́-сѧ
ѹ҆.твер-ди́-ти,ѹ҆.твер-ди́-ти
ѹ҆.твер-ди́т-сѧ,ѹ҆.твер-ди́т-сѧ
ѹ҆.твер-ди́тъ,ѹ҆.твер-ди́тъ
ѹ҆.твер-ди́х-сѧ,ѹ҆.твер-ди́х-сѧ
ѹ҆.твер-жа́-ет-сѧ,ѹ҆.твер-жа́-ет-сѧ
ѹ҆.твер-жа́й-сѧ,ѹ҆.твер-жа́й-сѧ
ѹ҆.твер-жа́-ѧ,ѹ҆.твер-жа́-ѧ
ѹ҆.твер-жда́-є-ма,ѹ҆.твер-жда́-є-ма
ѹ҆.твер-жда́-ем-сѧ,ѹ҆.твер-жда́-ем-сѧ
ѹ҆.твер-жда́-ет-сѧ,ѹ҆.твер-жда́-ет-сѧ
ѹ҆.твер-жда́-етъ,ѹ҆.твер-жда́-етъ
ѹ҆.твер-жда́-ше-сѧ,ѹ҆.твер-жда́-ше-сѧ
ѹ҆.твер-жда́-ѧ,ѹ҆.твер-жда́-ѧ
ѹ҆.твер-жда́-ѧй,ѹ҆.твер-жда́-ѧй
ѹ҆.твер-жде́й,ѹ҆.твер-жде́й
ѹ҆.твер-жде́-на,ѹ҆.твер-жде́-на
ѹ҆.твер-жде́-нї-е,ѹ҆.твер-жде́-нї-е
ѹ҆.твер-жде́-нї-ѧ,ѹ҆.твер-жде́-нї-ѧ
ѹ҆.твер-ждє́-ны-ѧ,ѹ҆.твер-ждє́-ны-ѧ
ѹ҆.твер-же́й,ѹ҆.твер-же́й
ѹ҆.твер-же́-нї-е,ѹ҆.твер-же́-нї-е
ѹ҆.твер-же́-нї-и,ѹ҆.твер-же́-нї-и
ѹ҆-то.лѝ,ѹ҆-то.лѝ
ѹ҆-то.ли́в-ша-ѧ,ѹ҆-то.ли́в-ша-ѧ
ѹ҆-то.ли́-ти,ѹ҆-то.ли́-ти
ѹ҆-то.лѧ́-ю-щи,ѹ҆-то.лѧ́-ю-щи
ѹ҆-то.лѧ́-ѧй,ѹ҆-то.лѧ́-ѧй
ѹ҆́.тра,ѹ҆́.тра
ѹ҆́-тре-н*ю,ѹ҆́-тре-н*ю
ѹ҆́-тре-н*ю.емъ,ѹ҆́-тре-н*ю.емъ
ѹ҆́-тре-н*ю.етъ,ѹ҆́-тре-н*ю.етъ
ѹ҆́-тре-н*ю-ю,ѹ҆́-тре-н*ю-ю
ѹ҆́-тре-н*ю-ю-ща,ѹ҆́-тре-н*ю-ю-ща
ѹ҆́-тре-н*ю-ю-ще,ѹ҆́-тре-н*ю-ю-ще
ѹ҆́-тре-н*ю-ю-щихъ,ѹ҆́-тре-н*ю-ю-щихъ
ѹ҆́-тре-н*ю-ю-щымъ,ѹ҆́-тре-н*ю-ю-щымъ
ѹ҆́-тре-н*ю.ѧ,ѹ҆́-тре-н*ю.ѧ
ѹ҆́.трꙋ,ѹ҆́.трꙋ
ѹ҆́.трѣ,ѹ҆́.трѣ
ѹ҆́.хо,ѹ҆́.хо
ѹ҆*чт҃ль,ѹ҆*чт҃ль
ѹ҆*чт҃лю,ѹ҆*чт҃лю
ѹ҆-ѧ*з.вѝ,ѹ҆-ѧ*з.вѝ
ѹ҆-ѧ-с*ни́лъ,ѹ҆-ѧ-с*ни́лъ
фа-ра.ѡ́-на,фа-ра.ѡ́-на
фа-ра.ѡ́-ни,фа-ра.ѡ́-ни
фа-ра.ѡ-ни́т-ско-е,фа-ра.ѡ-ни́т-ско-е
фа-ра.ѡ́-но-ва,фа-ра.ѡ́-но-ва
фа-ра.ѡ́-но-во,фа-ра.ѡ́-но-во
фа-ра.ѡ́-но-вꙋ,фа-ра.ѡ́-но-вꙋ
фа-ра.ѡ́-но-вы,фа-ра.ѡ́-но-вы
фа-ра.ѡ́-нѡ-вы,фа-ра.ѡ́-нѡ-вы
фа-ра.ѡ́-но-вымъ,фа-ра.ѡ́-но-вымъ
фа-ра.ѡ́-нꙋ,фа-ра.ѡ́-нꙋ
фа-ра.ѡ́нъ,фа-ра.ѡ́нъ
фа-ра.ѡ́-нѧ,фа-ра.ѡ́-нѧ
фї-ла.ре́тъ,фї-ла.ре́тъ
фї-лі́п.па,фї-лі́п.па
фї-лі́п.пе,фї-лі́п.пе
фї.лїп.пи-сі́-ємъ,фї.лїп.пи-сі́-ємъ
фї.ло-ло́гъ,фї.ло-ло́гъ
фї.ло-ѳе́й,фї.ло-ѳе́й
фї.лꙋ-ме́нъ,фї.лꙋ-ме́нъ
фѡ.ті́нъ,фѡ.ті́нъ
фран.цꙋ́з-скїй,фран.цꙋ́з-скїй
фрон.та́-сїй,фрон.та́-сїй
фꙋ́н.ти,фꙋ́н.ти
фꙋр.тꙋ-на́тъ,фꙋр.тꙋ-на́тъ
хал.де́й-ска-ѧ,хал.де́й-ска-ѧ
хал.де́й-скїй,хал.де́й-скїй
хал.де́й-скї-ѧ,хал.де́й-скї-ѧ
хал.де́й-скꙋ-ю,хал.де́й-скꙋ-ю
хал.де́й-стѣй,хал.де́й-стѣй
хал.де́й-стѣмъ,хал.де́й-стѣмъ
ха-на.а́-ни,ха-на.а́-ни
ха-на.а́-ню,ха-на.а́-ню
ха-на.не́-а,ха-на.не́-а
ха́н.ды-га,ха́н.ды-га
ха-ра-ла́*м.пїй,ха-ра-ла́*м.пїй
хѡ.ри́-вѣ,хѡ.ри́-вѣ
х*рї-са́нѳъ,х*рї-са́нѳъ
х*рї-ста́,х*рї-ста́
х*рї-ста̀,х*рї-ста̀
х*рї-сте́,х*рї-сте́
х*рї-стѐ,х*рї-стѐ
х*рї-стї-а́-нинъ,х*рї-стї-а́-нинъ
х*рї-стї-а́-нѡмъ,х*рї-стї-а́-нѡмъ
х*рї-стї-а́н-скїй,х*рї-стї-а́н-скїй
х*рї-стї-а́нъ,х*рї-стї-а́нъ
х*рї-сто́-ва,х*рї-сто́-ва
х*рї-сто́-ви,х*рї-сто́-ви
х*рї-сто́-во,х*рї-сто́-во
х*рї-сто́-вꙋ,х*рї-сто́-вꙋ
х*рї-сто́въ,х*рї-сто́въ
х*рї-сто́съ,х*рї-сто́съ
х*рї-сто-фо́ръ,х*рї-сто-фо́ръ
х*рї-стꙋ̀,х*рї-стꙋ̀
х*ꙋ-до́-же-ства,х*ꙋ-до́-же-ства
х*ꙋ-до́-же-ство,х*ꙋ-до́-же-ство
х*ꙋ́-дость,х*ꙋ́-дость
ца-рє́.вы,ца-рє́.вы
ца́р*ствъ,ца́р*ствъ
це́р.квамъ,це́р.квамъ
це́р.кве,це́р.кве
це́р.кви,це́р.кви
цер-ков-но-сло-ве́н-скїй,цер-ко.вно-сло-ве́н-скїй
цѣ́.ла,цѣ́.ла
цѣ́.ло,цѣ́.ло
цѣ-ло-мꙋ́.дрї-е,цѣ-ло-мꙋ́.дрї-е
цѣ-ло-мꙋ́.д*рї-емъ,цѣ-ло-мꙋ́.д*рї-емъ
цѣ-ло-мꙋ́.дрї-и,цѣ-ло-мꙋ́.дрї-и
цѣ-ло-мꙋ́.дрї-ю,цѣ-ло-мꙋ́.дрї-ю
цѣ-ло-мꙋ́.д*рї-ѧ,цѣ-ло-мꙋ́.д*рї-ѧ
цѣ́.лꙋ,цѣ́.лꙋ
цѣль-бо.но́с-но-мꙋ,цѣль-бо.но́с-но-мꙋ
цѣ́.нꙋ,цѣ́.нꙋ
че-ло-ве́.кѡмъ,че-ло-ве́.кѡмъ
че-ло-вѣ-ко.лю́-бецъ,че-ло-вѣ-ко.лю́-бецъ
че-ло-вѣ-ко.лю́-бї-е,че-ло-вѣ-ко.лю́-бї-е
че-ло-вѣ-ко.лю́-бї-емъ,че-ло-вѣ-ко.лю́-бї-емъ
че-ло-вѣ-ко.лю́-бї-ю,че-ло-вѣ-ко.лю́-бї-ю
че-ло-вѣ-ко.лю́-бї-ѧ,че-ло-вѣ-ко.лю́-бї-ѧ
че-ло-вѣ-ко.лю́б-ца,че-ло-вѣ-ко.лю́б-ца
че-ло-вѣ-ко.лю́б-цꙋ,че-ло-вѣ-ко.лю́б-цꙋ
че-ло-вѣ-ко.лю́б-че,че-ло-вѣ-ко.лю́б-че
че-ло-вѣ-ко.ꙋ.бі́й-цы,че-ло-вѣ-ко.ꙋ.бі́й-цы
че-ло-вѣ-ко.лю́б-нѡ,че-ло-вѣ-ко.лю́б-нѡ
чер*м.но́-е,чер*м.но́-е
чер*м-нꙋ́-ю,чер*м-нꙋ́-ю
чер*м-нѣ́мъ,чер*м-нѣ́мъ
че*ст.во-ва́-ти,че*ст.во-ва́-ти
че*ст.вꙋ́-ю-щымъ,че*ст.вꙋ́-ю-щымъ
че*ст.вꙋ́-ю-щы-ѧ,че*ст.вꙋ́-ю-щы-ѧ
че.тве-ро.д*не́в-на,че.тве-ро.д*не́в-на
че.тве-ро-пѣ́.снецъ,че.тве-ро-пѣ́.снецъ
че.тве́р-та-гѡ,че.тве́р-та-гѡ
че.тве́р-та-ѧ,че.тве́р-та-ѧ
че.твер-тка̀,че.твер-тка̀
че.твер-ткꙋ̀,че.твер-ткꙋ̀
че.тве́р-то-е,че.тве́р-то-е
че.твер-то́къ,че.твер-то́къ
че.тве́р.тꙋ-ю,че.тве́р.тꙋ-ю
че.тве́р-тый,че.тве́р-тый
че́.т*верть,че́.т*верть
че.ты́-ре,че.ты́-ре
че.ты́-ре-де-сѧ-те,че.ты́-ре-де-сѧ-те
че.ты́-ре-де-сѧ-ти,че.ты́-ре-де-сѧ-ти
че.ты-ре-де-сѧ́т-ни-цꙋ,че.ты-ре-де-сѧ́т-ни-цꙋ
че.ты-ре-де-сѧ́т-ни-цы,че.ты-ре-де-сѧ́т-ни-цы
че.ты-ре-де-сѧ-то.д*не́в-ный,че.ты-ре-де-сѧ-то.д*не́в-ный
че.ты́-ре-де-сѧть,че.ты́-ре-де-сѧть
че.ты́-ремъ,че.ты́-ремъ
че.ты́-ре-ста,че.ты́-ре-ста
че.ты́-рехъ,че.ты́-рехъ
че.ты́-ри,че.ты́-ри
чи-но-на-ча̑.лї-ѧ,чи-но-на-ча̑.лї-ѧ
чл҃вѣ-ко.лю́-бецъ,чл҃вѣ-ко.лю́-бецъ
чл҃вѣ-ко.лю́-бї-е,чл҃вѣ-ко.лю́-бї-е
чл҃вѣ-ко.лю́-бї-емъ,чл҃вѣ-ко.лю́-бї-емъ
чл҃вѣ-ко.лю́-бї-ѧ,чл҃вѣ-ко.лю́-бї-ѧ
чл҃вѣ-ко.лю́б-нѡ,чл҃вѣ-ко.лю́б-нѡ
чл҃вѣ-ко.лю́б-но-е,чл҃вѣ-ко.лю́б-но-е
чл҃вѣ-ко.лю́б-ца,чл҃вѣ-ко.лю́б-ца
чл҃вѣ-ко.лю́б-цꙋ,чл҃вѣ-ко.лю́б-цꙋ
чл҃вѣ-ко.лю́б-че,чл҃вѣ-ко.лю́б-че
ч*ле-но́в-ны-ми,ч*ле-но́в-ны-ми
ч*тє́-нї-ѧ,ч*тє́-нї-ѧ
ч*тꙋ́т-сѧ,ч*тꙋ́т-сѧ
ч*тꙋ́тъ,ч*тꙋ́тъ
ч*тꙋ́-ще,ч*тꙋ́-ще
ч*тꙋ́-щихъ,ч*тꙋ́-щихъ
ч*тꙋ́-щї-и,ч*тꙋ́-щї-и
ч*тꙋ́-щымъ,ч*тꙋ́-щымъ
ч*тꙋ́-щы-ѧ,ч*тꙋ́-щы-ѧ
чꙋ́в*ствъ,чꙋ́в*ствъ
чꙋ́.да,чꙋ́.да
чꙋ́.денъ,чꙋ́.денъ
чꙋ́.до,чꙋ́.до
чꙋ́.дꙋ,чꙋ́.дꙋ
чꙋ́.жде,чꙋ́.жде
чѣ-ло-вѣ-ко.лю́-бецъ,чѣ-ло-вѣ-ко.лю́-бецъ
чѣ-ло-вѣ-ко.лю́-бї-е,чѣ-ло-вѣ-ко.лю́-бї-е
чѣ-ло-вѣ-ко.лю́б-че,чѣ-ло-вѣ-ко.лю́б-че
ю҆.а̑-ни,ю҆.а̑-ни
ю҆.а̑.нѧ,ю҆.а̑.нѧ
ю҆́з.ни-ки,ю҆́з.ни-ки
ю҆́.зы,ю҆́.зы
ꙗ҆.вѝ,ꙗ҆.вѝ
ꙗ҆в.ле́й,ꙗ҆в.ле́й
ꙗ҆в.ле́й-сѧ,ꙗ҆в.ле́й-сѧ
ꙗ҆в.ле́-нї-е,ꙗ҆в.ле́-нї-е
ꙗ҆в.ле́-нї-емъ,ꙗ҆в.ле́-нї-емъ
ꙗ҆в.ле́-нї-и,ꙗ҆в.ле́-нї-и
ꙗ҆в.ле́-нї-ю,ꙗ҆в.ле́-нї-ю
ꙗ҆в.ле́-нї-ѧ,ꙗ҆в.ле́-нї-ѧ
ꙗ҆в.ле́н-нѡ,ꙗ҆в.ле́н-нѡ
ꙗ҆в.ле́-но,ꙗ҆в.ле́-но
ꙗ҆в.лѧ́-ет-сѧ,ꙗ҆в.лѧ́-ет-сѧ
ꙗ҆в.лѧ́-етъ,ꙗ҆в.лѧ́-етъ
ꙗ҆в.лѧ́-е-ши,ꙗ҆в.лѧ́-е-ши
ꙗ҆в.лѧ́-е-ши-сѧ,ꙗ҆в.лѧ́-е-ши-сѧ
ꙗ҆в.лѧ́-ше,ꙗ҆в.лѧ́-ше
ꙗ҆в.лѧ́-ют-сѧ,ꙗ҆в.лѧ́-ют-сѧ
ꙗ҆в.лѧ́-ю-ща-ѧ,ꙗ҆в.лѧ́-ю-ща-ѧ
ꙗ҆в.лѧ́-ю-щи,ꙗ҆в.лѧ́-ю-щи
ꙗ҆в.лѧ́-ю-щих-сѧ,ꙗ҆в.лѧ́-ю-щих-сѧ
ꙗ҆в.лѧ́-ющь,ꙗ҆в.лѧ́-ющь
ꙗ҆в.лѧ́-ѧ,ꙗ҆в.лѧ́-ѧ
ꙗ҆в.лѧ́-ѧй,ꙗ҆в.лѧ́-ѧй
ꙗ҆в.лѧ́-ѧ-сѧ,ꙗ҆в.лѧ́-ѧ-сѧ
ꙗ҆.вѧ́т-сѧ,ꙗ҆.вѧ́т-сѧ
ꙗ҆́*з.ва,ꙗ҆́*з.ва
ꙗ҆́*з.ва.ми,ꙗ҆́*з.ва.ми
ꙗ҆́*з.вамъ,ꙗ҆́*з.вамъ
ꙗ҆́з.вꙋ,ꙗ҆́з.вꙋ
ѧ҆-зы-ко.вре́-дї-е,ѧ҆-зы-ко.вре́-дї-е
ѧ҆-зы-ко.ѻ-г*не-ѡ-бра́з-на-ѧ,ѧ҆-зы-ко.ѻ-г*не-ѡ-бра́з-на-ѧ
ꙗ҆-ко.ва̀,ꙗ҆-ко.ва̀
ꙗ҆-ко.ва́-гѡ,ꙗ҆-ко.ва́-гѡ
ꙗ҆-ко.вы́й,ꙗ҆-ко.вы́й
ꙗ҆.пѡ́-нї-а,ꙗ҆.пѡ́-нї-а
ꙗ҆.пѡ́н-ска-ѧ,ꙗ҆.пѡ́н-ска-ѧ
ꙗ҆.пѡ́н-скихъ,ꙗ҆.пѡ́н-скихъ
ꙗ҆.пѡ́н-скїй,ꙗ҆.пѡ́н-скїй
ꙗ҆.пѡ́н-скї-ѧ,ꙗ҆.пѡ́н-скї-ѧ
ꙗ҆.пѡ̑н-скї-ѧ,ꙗ҆.пѡ̑н-скї-ѧ
ꙗ҆.пѡ̑н-стѣ-и,ꙗ҆.пѡ̑н-стѣ-и
ꙗ҆.рѧ́-ща-сѧ,ꙗ҆.рѧ́-ща-сѧ
ꙗ҆́.снѡ,ꙗ҆́.снѡ
ꙗ҆́.снѣ,ꙗ҆́.снѣ
ꙗ҆.снѣ́й-ше,ꙗ҆.снѣ́й-ше
ѯе́.нї-е,ѯе́.нї-е
ѳа.вѡ́р-ска-ѧ,ѳа.вѡ́р-ска-ѧ
ѳа.вѡ́р-скꙋ-ю,ѳа.вѡ́р-скꙋ-ю
ѳа.вѡ́р-стѣй,ѳа.вѡ́р-стѣй
ѳа.вѡ́ръ,ѳа.вѡ́ръ
ѳа.вѡ́-рѣ,ѳа.вѡ́-рѣ
ѳе.а-ге́нъ,ѳе.а-ге́нъ
ѳе-о́.г*нїй,ѳе-о́.г*нїй
ѳе.о́-дѡ*ра,ѳе.о́-дѡ*ра
ѳе.о́-дѡ*ре,ѳе.о́-дѡ*ре
ѳе.о́-дѡ-ро*в.нꙋ,ѳе.о́-дѡ-ро*в.нꙋ
ѳе.о́-дѡ-ро*в.нѣ,ѳе.о́-дѡ-ро*в.нѣ
ѳе.о́-дѡ-ромъ,ѳе.о́-дѡ-ромъ
ѳе.о́-дѡ-рꙋ,ѳе.о́-дѡ-рꙋ
ѳе.о́-дѡръ,ѳе.о́-дѡръ
ѳе.о-кті́-сте,ѳе.о-кті́-сте
ѳе.о-кті́стъ,ѳе.о-кті́стъ
ѳе-ѡ́.на,ѳе-ѡ́.на
ѳе.о-те́кнъ,ѳе.о-те́кнъ
ѳес.са-ло-ни́т-ска-ѧ,ѳес.са-ло-ни́т-ска-ѧ
ѳѡ.мо̀,ѳѡ.мо̀
ѵ҆-пе-ре́.хїй,ѵ҆-пе-ре́.хїй
ѵ҆-по-ста́*с-но-е,ѵ҆-по-ста́*с-но-е
ѵ҆-по-ста́*с-но-ю,ѵ҆-по-ста́*с-но-ю
ѵ҆-по-ста́*с-нꙋ-ю,ѵ҆-по-ста́*с-нꙋ-ю
ѵ҆с.сѡ́-помъ,ѵ҆с.сѡ́-помъ
