word,reviewed
а҆,а҆
а҆-а-рѡ́-на,а҆-а-рѡ́-на
а҆-а-рѡ̑-ни,а҆-а-рѡ̑-ни
а҆-а-рѡ́-новъ,а҆-а-рѡ́-новъ
а҆-а-рѡ́-нꙋ,а҆-а-рѡ́-нꙋ
а҆-а-рѡ́нъ,а҆-а-рѡ́нъ
а҆́-бї-е,а҆́-бї-е
а҆́в-ва,а҆́в-ва
а҆в-ва-кꙋ́-ма,а҆в-ва-кꙋ́-ма
а҆в-ва-кꙋ́-ме,а҆в-ва-кꙋ́-ме
а҆в-ва-кꙋ́-момъ,а҆в-ва-кꙋ́-момъ
а҆в-ва-кꙋ́мъ,а҆в-ва-кꙋ́мъ
а҆́в-во,а҆́в-во
а҆-вді́й,а҆-вді́й
а҆-вдо́нъ,а҆-вдо́нъ
а҆́-ве-лѧ,а҆́-ве-лѧ
а҆-ве-ни́ръ,а҆-ве-ни́ръ
а҆-ве́р-кїй,а҆-ве́р-кїй
а҆-вес-са-лѡ́мъ,а҆-вес-са-лѡ́мъ
а҆-ві́въ,а҆-ві́въ
а҆-вї-ме-ле́хъ,а҆-вї-ме-ле́хъ
а҆-вра-а́-ма,а҆-вра-а́-ма
а҆-вра-а́-мїй,а҆-вра-а́-мїй
а҆-вра-а́м-ле,а҆-вра-а́м-ле
а҆-вра-а́м-лѧ,а҆-вра-а́м-лѧ
а҆-вра-а́-мовъ,а҆-вра-а́-мовъ
а҆-вра-а̑м-скї-ѧ,а҆-вра-а̑м-скї-ѧ
а҆-вра-а́м-стї-и,а҆-вра-а́м-стї-и
а҆-вра-а́-мꙋ,а҆-вра-а́-мꙋ
а҆-вра-а́мъ,а҆-вра-а́мъ
а҆-вра́-мї-а,а҆-вра́-мї-а
а҆-вра́-мї-е,а҆-вра́-мї-е
а҆-вра́-мїй,а҆-вра́-мїй
а҆-вра́-мꙋ,а҆-вра́-мꙋ
а҆-вра́мъ,а҆-вра́мъ
а҆-вꙋ-ді́мъ,а҆-вꙋ-ді́мъ
а҆-вѵ́пъ,а҆-вѵ́пъ
а҆-га́въ,а҆-га́въ
а҆-га́-питъ,а҆-га́-питъ
а҆-га́-пї-а,а҆-га́-пї-а
а҆-га́-пїй,а҆-га́-пїй
а҆-га-ѳаг-ге́лъ,а҆-га-ѳаг-ге́лъ
а҆-га-ѳо-дѡ́ръ,а҆-га-ѳо-дѡ́ръ
а҆-га-ѳо-клі́-а,а҆-га-ѳо-клі́-а
а҆-га-ѳо-ні́-ка,а҆-га-ѳо-ні́-ка
а҆-га-ѳо-ні́къ,а҆-га-ѳо-ні́къ
а҆-га-ѳо-по́дъ,а҆-га-ѳо-по́дъ
а҆-гге́й,а҆-гге́й
а҆-ггі́й,а҆-ггі́й
а҆́гг҃ла,а҆́гг҃ла
а҆́гг҃ле,а҆́гг҃ле
а҆́гг҃ли,а҆́гг҃ли
а҆́гг҃лѡвъ,а҆́гг҃лѡвъ
а҆́гг҃ломъ,а҆́гг҃ломъ
а҆́гг҃лѡмъ,а҆́гг҃лѡмъ
а҆́гг҃лꙋ,а҆́гг҃лꙋ
а҆́гг҃лъ,а҆́гг҃лъ
а҆́гг҃лы,а҆́гг҃лы
а҆́гг҃ль-ска-гѡ,а҆́гг҃ль-ска-гѡ
а҆́гг҃ль-ска-ѧ,а҆́гг҃ль-ска-ѧ
а҆́гг҃ль-ски,а҆́гг҃ль-ски
а҆́гг҃ль-ски-ми,а҆́гг҃ль-ски-ми
а҆́гг҃ль-скимъ,а҆́гг҃ль-скимъ
а҆́гг҃ль-скихъ,а҆́гг҃ль-скихъ
а҆́гг҃ль-скїй,а҆́гг҃ль-скїй
а҆́гг҃ль-скї-ѧ,а҆́гг҃ль-скї-ѧ
а҆́гг҃ль-ско-е,а҆́гг҃ль-ско-е
а҆́гг҃ль-ско-мꙋ,а҆́гг҃ль-ско-мꙋ
а҆́гг҃ль-скꙋ-ю,а҆́гг҃ль-скꙋ-ю
а҆́гг҃ль-стї-и,а҆́гг҃ль-стї-и
а҆г-кѵ́-рꙋ,а҆г-кѵ́-рꙋ
а҆-гла́-їй,а҆-гла́-їй
а҆́-гнецъ,а҆́-гнецъ
а҆́-гни-ца,а҆́-гни-ца
а҆-гні́-а,а҆-гні́-а
а҆́гн-ца,а҆́гн-ца
а҆́гн-цєвъ,а҆́гн-цєвъ
а҆́гн-цꙋ,а҆́гн-цꙋ
а҆́гн-цы,а҆́гн-цы
а҆́гн-че,а҆́гн-че
а҆́-гнѧ,а҆́-гнѧ
а҆-грѷ-пі́-на,а҆-грѷ-пі́-на
а҆́-гца,а҆́-гца
а҆́-да,а҆́-да
а҆-да́-ма,а҆-да́-ма
а҆-да-ма́н-та,а҆-да-ма́н-та
а҆-да́-ме,а҆-да́-ме
а҆-да́-мо-ва,а҆-да́-мо-ва
а҆-да́-мо-во,а҆-да́-мо-во
а҆-да́-мо-вꙋ,а҆-да́-мо-вꙋ
а҆-да́-мовъ,а҆-да́-мовъ
а҆-да́-мо-вы,а҆-да́-мо-вы
а҆-да́м-скїй,а҆-да́м-скїй
а҆-да́-мꙋ,а҆-да́-мꙋ
а҆-да́мъ,а҆-да́мъ
а҆́-до-ва,а҆́-до-ва
а҆́-дѡ-ва,а҆́-дѡ-ва
а҆́-до-во,а҆́-до-во
а҆́-до-вꙋ,а҆́-до-вꙋ
а҆́-дѡ-вы,а҆́-дѡ-вы
а҆́-до-выхъ,а҆́-до-выхъ
а҆-дѡ-на-і̀,а҆-дѡ-на-і̀
а҆-дрї-а́нъ,а҆-дрї-а́нъ
а҆́д-стї-и,а҆́д-стї-и
а҆́-дꙋ,а҆́-дꙋ
а҆́дъ,а҆́дъ
а҆́-дѣ,а҆́-дѣ
а҆́-за,а҆́-за
а҆-за́-рї-е-вꙋ,а҆-за́-рї-е-вꙋ
а҆-за́-рїй,а҆-за́-рїй
а҆-за́-рї-ю,а҆-за́-рї-ю
а҆-за́тъ,а҆-за́тъ
а҆́зъ,а҆́зъ
а҆-ї-ѳа́лъ,а҆-ї-ѳа́лъ
а҆-ка́-кї-а,а҆-ка́-кї-а
а҆-ка́-кї-е,а҆-ка́-кї-е
а҆-ка́-кїй,а҆-ка́-кїй
а҆-ка́-ѳї-ста,а҆-ка́-ѳї-ста
а҆-ка́-ѳї-стомъ,а҆-ка́-ѳї-стомъ
а҆-ка́-ѳїстъ,а҆-ка́-ѳїстъ
а҆-ке-ѱі́й,а҆-ке-ѱі́й
а҆-ке-ѱі́мъ,а҆-ке-ѱі́мъ
а҆́-ки,а҆́-ки
а҆-кїн-дѵ́нъ,а҆-кїн-дѵ́нъ
а҆-кта́-ꙋ,а҆-кта́-ꙋ
а҆-ктю́-бинскъ,а҆-ктю́-бинскъ
а҆-кꙋ-ті́-ѡнъ,а҆-кꙋ-ті́-ѡнъ
а҆-кѵ́-ла,а҆-кѵ́-ла
а҆-кѷ-лі́-на,а҆-кѷ-лі́-на
а҆л-вї-а́нъ,а҆л-вї-а́нъ
а҆-ле-ѯа́н-дра,а҆-ле-ѯа́н-дра
а҆-ле-ѯа́н-дре,а҆-ле-ѯа́н-дре
а҆-ле-ѯан-дрі́й-ска-гѡ,а҆-ле-ѯан-дрі́й-ска-гѡ
а҆-ле-ѯа́н-дро-ви-ча,а҆-ле-ѯа́н-дро-ви-ча
а҆-ле-ѯа́н-дро-ви-чꙋ,а҆-ле-ѯа́н-дро-ви-чꙋ
а҆-ле-ѯа́н-дро-ви-чѣ,а҆-ле-ѯа́н-дро-ви-чѣ
а҆-ле-ѯа́н-дрꙋ,а҆-ле-ѯа́н-дрꙋ
а҆-ле-ѯа́ндръ,а҆-ле-ѯа́ндръ
а҆-ле-ѯа́н-дрѣ,а҆-ле-ѯа́н-дрѣ
а҆-ле-ѯі́-а,а҆-ле-ѯі́-а
а҆-ле-ѯі́-е,а҆-ле-ѯі́-е
а҆-ле-ѯі́й,а҆-ле-ѯі́й
а҆-ле-ѯі́-ѧ,а҆-ле-ѯі́-ѧ
а҆-леѵ-ті́-на,а҆-леѵ-ті́-на
а҆-лі́мъ,а҆-лі́мъ
а҆́л-ла,а҆́л-ла
а҆л-ли-лꙋ́-ї-а,а҆л-ли-лꙋ́-ї-а
а҆л-ма-ты̀,а҆л-ма-ты̀
а҆л-фа-ви́-тꙋ,а҆л-фа-ви́-тꙋ
а҆л-фе́й,а҆л-фе́й
а҆́л-чꙋ-щихъ,а҆́л-чꙋ-щихъ
а҆́л-чꙋ-щымъ,а҆́л-чꙋ-щымъ
а҆́л-чꙋ-щы-ѧ,а҆́л-чꙋ-щы-ѧ
а҆-лѵ́-пїй,а҆-лѵ́-пїй
а҆-ма-ли́-ка,а҆-ма-ли́-ка
а҆-ма-ли́-ко-вꙋ,а҆-ма-ли́-ко-вꙋ
а҆-ма́нъ,а҆-ма́нъ
а҆м-вро́-сї-е,а҆м-вро́-сї-е
а҆-ме-рї-ка́н-ска-гѡ,а҆-ме-рї-ка́н-ска-гѡ
а҆-ме-рї-ка́н-ска-ѧ,а҆-ме-рї-ка́н-ска-ѧ
а҆-ме-рї-ка̑н-ска-ѧ,а҆-ме-рї-ка̑н-ска-ѧ
а҆-ме-рї-ка́н-скихъ,а҆-ме-рї-ка́н-скихъ
а҆-ме-рї-ка́н-скїй,а҆-ме-рї-ка́н-скїй
а҆-ме-рї-ка̑н-скї-ѧ,а҆-ме-рї-ка̑н-скї-ѧ
а҆-ме-рї-ка́н-стї-и,а҆-ме-рї-ка́н-стї-и
а҆-ми́нь,а҆-ми́нь
а҆-ми́-нѣ,а҆-ми́-нѣ
а҆м-мѡ̑-ни,а҆м-мѡ̑-ни
а҆м-мѡ́-нихъ,а҆м-мѡ́-нихъ
а҆м-мꙋ́нъ,а҆м-мꙋ́нъ
а҆́-мо-же,а҆́-мо-же
а҆-мо-ни́тъ,а҆-мо-ни́тъ
а҆м-фї-а́нъ,а҆м-фї-а́нъ
а҆-на́-дырь,а҆-на́-дырь
а҆-на́-нї-а,а҆-на́-нї-а
а҆-на́-нї-е,а҆-на́-нї-е
а҆-на́-нї-е-вꙋ,а҆-на́-нї-е-вꙋ
а҆-на́-нї-и,а҆-на́-нї-и
а҆-на́-нї-ю,а҆-на́-нї-ю
а҆-на-ста-сі́-а,а҆-на-ста-сі́-а
а҆-на-ста-сі́-е,а҆-на-ста-сі́-е
а҆-на-ста́-сїй,а҆-на-ста́-сїй
а҆-на-то́-лї-а,а҆-на-то́-лї-а
а҆-на-то́-лї-е-во,а҆-на-то́-лї-е-во
а҆-на-то́-лї-евъ,а҆-на-то́-лї-евъ
а҆-на-то́-лї-е-вы,а҆-на-то́-лї-е-вы
а҆-на-тѡ́-лї-е-вы,а҆-на-тѡ́-лї-е-вы
а҆-на-то́-лїй,а҆-на-то́-лїй
а҆-на́-ѳе-ма,а҆-на́-ѳе-ма
а҆́н-ге-ла,а҆́н-ге-ла
а҆́н-ге-ли,а҆́н-ге-ли
а҆́н-гел-ми,а҆́н-гел-ми
а҆́н-ге-лѡвъ,а҆́н-ге-лѡвъ
а҆́н-ге-ло-вымъ,а҆́н-ге-ло-вымъ
а҆́н-ге-ломъ,а҆́н-ге-ломъ
а҆́н-ге-лѡмъ,а҆́н-ге-лѡмъ
а҆́н-гелъ,а҆́н-гелъ
а҆́н-гєлъ,а҆́н-гєлъ
а҆́н-ге-лы,а҆́н-ге-лы
а҆́н-гель-ски,а҆́н-гель-ски
а҆́н-гель-ски-ми,а҆́н-гель-ски-ми
а҆́н-гель-скимъ,а҆́н-гель-скимъ
а҆́н-гель-скїй,а҆́н-гель-скїй
а҆́н-гель-скї-ѧ,а҆́н-гель-скї-ѧ
а҆́н-гєль-скї-ѧ,а҆́н-гєль-скї-ѧ
а҆́н-гель-скꙋ-ю,а҆́н-гель-скꙋ-ю
а҆́н-гель-стї-и,а҆́н-гель-стї-и
а҆́н-гель-стѣмъ,а҆́н-гель-стѣмъ
а҆н-глі́й-ска-гѡ,а҆н-глі́й-ска-гѡ
а҆н-глі́й-ска-ѧ,а҆н-глі́й-ска-ѧ
а҆н-глі̑й-ска-ѧ,а҆н-глі̑й-ска-ѧ
а҆н-глі́й-скихъ,а҆н-глі́й-скихъ
а҆н-глі́й-скїй,а҆н-глі́й-скїй
а҆н-глі́й-стї-и,а҆н-глі́й-стї-и
а҆н-дре́-а,а҆н-дре́-а
а҆н-дре́-е,а҆н-дре́-е
а҆н-дре́й,а҆н-дре́й
а҆н-дре́-ю,а҆н-дре́-ю
а҆н-дро-ні́-ка,а҆н-дро-ні́-ка
а҆н-дро-ні́къ,а҆н-дро-ні́къ
а҆н-дро-ні́-че,а҆н-дро-ні́-че
а҆-не-мпо-ді́стъ,а҆-не-мпо-ді́стъ
а҆-нї-ки́-та,а҆-нї-ки́-та
а҆-нї-ма-і́-са,а҆-нї-ма-і́-са
а҆́н-на,а҆́н-на
а҆́н-ни-нꙋ,а҆́н-ни-нꙋ
а҆́н-но,а҆́н-но
а҆́н-нꙋ,а҆́н-нꙋ
а҆́н-ны,а҆́н-ны
а҆́н-нѣ,а҆́н-нѣ
а҆н-тї-2фѡ́нъ,а҆н-тї-2фѡ́нъ
а҆н-тї-о-хі́-и,а҆н-тї-о-хі́-и
а҆н-тї-о-хі́-ю,а҆н-тї-о-хі́-ю
а҆н-тї-о́хъ,а҆н-тї-о́хъ
а҆н-тї-па́-схи,а҆н-тї-па́-схи
а҆н-тї-фѡ́-ны,а҆н-тї-фѡ́-ны
а҆н-тї-фѡ́-нѣ,а҆н-тї-фѡ́-нѣ
а҆н-тѡ́-нї-а,а҆н-тѡ́-нї-а
а҆н-тѡ́-нї-е,а҆н-тѡ́-нї-е
а҆н-тѡ́-нїй,а҆н-тѡ́-нїй
а҆н-тѡ-ні́-на,а҆н-тѡ-ні́-на
а҆н-тѡ́-нї-ю,а҆н-тѡ́-нї-ю
а҆н-тѡ́-нї-ѧ,а҆н-тѡ́-нї-ѧ
а҆-нꙋ́-вїй,а҆-нꙋ́-вїй
а҆н-ѳи́-са,а҆н-ѳи́-са
а҆н-ѳі́-а,а҆н-ѳі́-а
а҆н-ѳі́мъ,а҆н-ѳі́мъ
а҆н-ѳꙋ́-са,а҆н-ѳꙋ́-са
а҆-нѵ́-сї-а,а҆-нѵ́-сї-а
а҆-пе́л-лїй,а҆-пе́л-лїй
а҆-пол-лї-на́-рї-а,а҆-пол-лї-на́-рї-а
а҆-пол-лї-на́-рїй,а҆-пол-лї-на́-рїй
а҆-пол-лѡ́-нїй,а҆-пол-лѡ́-нїй
а҆-пол-лѡ́съ,а҆-пол-лѡ́съ
а҆-по́-сто-ла,а҆-по́-сто-ла
а҆-по́-сто-ли,а҆-по́-сто-ли
а҆-по́-сто-лѡвъ,а҆-по́-сто-лѡвъ
а҆-по́-сто-лѡмъ,а҆-по́-сто-лѡмъ
а҆-по́-столъ,а҆-по́-столъ
а҆-по́-стѡлъ,а҆-по́-стѡлъ
а҆-по́-сто-лы,а҆-по́-сто-лы
а҆-по́-стѡль-ска-ѧ,а҆-по́-стѡль-ска-ѧ
а҆пⷬ҇,а҆пⷬ҇
а҆-прі́-лї-а,а҆-прі́-лї-а
а҆-прі́л-лї-а,а҆-прі́л-лї-а
а҆-прі́л-лїй,а҆-прі́л-лїй
а҆пⷭ҇ла,а҆пⷭ҇ла
а҆пⷭ҇ле,а҆пⷭ҇ле
а҆пⷭ҇ли,а҆пⷭ҇ли
а҆пⷭ҇лѡвъ,а҆пⷭ҇лѡвъ
а҆пⷭ҇лѡмъ,а҆пⷭ҇лѡмъ
а҆пⷭ҇лꙋ,а҆пⷭ҇лꙋ
а҆пⷭ҇лъ,а҆пⷭ҇лъ
а҆пⷭ҇лы,а҆пⷭ҇лы
а҆пⷭ҇ль-ска-ѧ,а҆пⷭ҇ль-ска-ѧ
а҆пⷭ҇ль-ски,а҆пⷭ҇ль-ски
а҆пⷭ҇ль-скимъ,а҆пⷭ҇ль-скимъ
а҆пⷭ҇ль-скихъ,а҆пⷭ҇ль-скихъ
а҆пⷭ҇ль-скїй,а҆пⷭ҇ль-скїй
а҆пⷭ҇ль-скї-ѧ,а҆пⷭ҇ль-скї-ѧ
а҆пⷭ҇толъ,а҆пⷭ҇толъ
а҆-пфі́-а,а҆-пфі́-а
а҆-ра-ві́й-ска-ѧ,а҆-ра-ві́й-ска-ѧ
а҆-ра-ві́й-стї-и,а҆-ра-ві́й-стї-и
а҆р-да-лї-ѡ́нъ,а҆р-да-лї-ѡ́нъ
а҆-ре́-ѳа,а҆-ре́-ѳа
а҆-ри́съ,а҆-ри́съ
а҆́-рї-а,а҆́-рї-а
а҆-рї-а́-дна,а҆-рї-а́-дна
а҆́-рї-е-во,а҆́-рї-е-во
а҆́-рїй,а҆́-рїй
а҆-рї-ста́рхъ,а҆-рї-ста́рхъ
а҆-рї-стї-ѡ́нъ,а҆-рї-стї-ѡ́нъ
а҆-рї-сто-вꙋ́лъ,а҆-рї-сто-вꙋ́лъ
а҆-рї-сто-клі́й,а҆-рї-сто-клі́й
а҆-рѡ-ма́-ты,а҆-рѡ-ма́-ты
а҆р-се́-нї-а,а҆р-се́-нї-а
а҆р-се́-нї-е,а҆р-се́-нї-е
а҆р-се́-нїй,а҆р-се́-нїй
а҆р-те́-мї-а,а҆р-те́-мї-а
а҆р-те́-мїй,а҆р-те́-мїй
а҆р-те́-мѡнъ,а҆р-те́-мѡнъ
а҆́р-тосъ,а҆́р-тосъ
а҆р-ха́гг҃ла,а҆р-ха́гг҃ла
а҆р-ха́гг҃ле,а҆р-ха́гг҃ле
а҆р-ха́гг҃ли,а҆р-ха́гг҃ли
а҆р-ха́гг҃лѡвъ,а҆р-ха́гг҃лѡвъ
а҆р-ха́гг҃лъ,а҆р-ха́гг҃лъ
а҆р-ха̑гг҃лъ,а҆р-ха̑гг҃лъ
а҆р-ха́гг҃лы,а҆р-ха́гг҃лы
а҆р-ха́н-ге-ла,а҆р-ха́н-ге-ла
а҆р-ха́н-гелъ,а҆р-ха́н-гелъ
а҆р-ха́н-ге-лы,а҆р-ха́н-ге-лы
а҆р-ха́н-гель-ски,а҆р-ха́н-гель-ски
а҆р-ха́н-гель-скїй,а҆р-ха́н-гель-скїй
а҆р-ха́н-гель-ско-е,а҆р-ха́н-гель-ско-е
а҆р-хї-дї-а́-ко-на,а҆р-хї-дї-а́-ко-на
а҆р-хї-е-пі́-ско-па,а҆р-хї-е-пі́-ско-па
а҆р-хї-епⷭ҇кпа,а҆р-хї-епⷭ҇кпа
а҆р-хї-е-ре́-а,а҆р-хї-е-ре́-а
а҆р-хї-е-ре́-є,а҆р-хї-е-ре́-є
а҆р-хї-е-ре́-євъ,а҆р-хї-е-ре́-євъ
а҆р-хї-е-ре́й,а҆р-хї-е-ре́й
а҆р-хї-е-ре́й-ства,а҆р-хї-е-ре́й-ства
а҆р-хї-е-ре́-ю,а҆р-хї-е-ре́-ю
а҆р-хї-ман-дрі́-та,а҆р-хї-ман-дрі́-та
а҆р-хі́ппъ,а҆р-хі́ппъ
а҆р-хї-стра-ти́-га,а҆р-хї-стра-ти́-га
а҆р-хї-стра-ти́гъ,а҆р-хї-стра-ти́гъ
а҆р-хї-стра-ти́-же,а҆р-хї-стра-ти́-же
а҆р-хї-стра-ти́-зи,а҆р-хї-стра-ти́-зи
а҆-са́-фꙋ,а҆-са́-фꙋ
а҆-сі́-и,а҆-сі́-и
а҆-ски-тре́-а,а҆-ски-тре́-а
а҆-скли-пї-о-до́-та,а҆-скли-пї-о-до́-та
а҆-склї-а́-да,а҆-склї-а́-да
а҆-склї-пї-о-до́тъ,а҆-склї-пї-о-до́тъ
а҆с-сѷ-рі́й-ска,а҆с-сѷ-рі́й-ска
а҆с-сѷ-рі́й-скїй,а҆с-сѷ-рі́й-скїй
а҆-сті́й,а҆-сті́й
а҆-стї-ѡ́нъ,а҆-стї-ѡ́нъ
а҆-сѷг-крі́тъ,а҆-сѷг-крі́тъ
а҆-тлан-ті́-че-ско-е,а҆-тлан-ті́-че-ско-е
а҆т-ті́къ,а҆т-ті́къ
а҆-фрї-ка́нъ,а҆-фрї-ка́нъ
а҆ф-ѳо́-нїй,а҆ф-ѳо́-нїй
а҆-ха-а́въ,а҆-ха-а́въ
а҆-ха́-їкъ,а҆-ха́-їкъ
а҆-хі́-а,а҆-хі́-а
а҆́-ще,а҆́-ще
а҆-ѳа-на́-сї-а,а҆-ѳа-на́-сї-а
а҆-ѳа-на́-сї-е,а҆-ѳа-на́-сї-е
а҆-ѳа-на́-сї-ю,а҆-ѳа-на́-сї-ю
а҆́ѵⷢ҇,а҆́ѵⷢ҇
а҆́ѵ-гꙋ-ста,а҆́ѵ-гꙋ-ста
а҆́ѵ-гꙋстъ,а҆́ѵ-гꙋстъ
а҆́ѵ-да,а҆́ѵ-да
а҆ѵ-ди-фа́ѯъ,а҆ѵ-ди-фа́ѯъ
а҆ѵ-дї-е́съ,а҆ѵ-дї-е́съ
а҆́ѵктъ,а҆́ѵктъ
а҆ѵ-стра-лі́й-скїй,а҆ѵ-стра-лі́й-скїй
а҆ѵ-стрі́й-скїй,а҆ѵ-стрі́й-скїй
а҆ѵ-ѯе́н-тї-а,а҆ѵ-ѯе́н-тї-а
а҆ѵ-ѯе́н-тїй,а҆ѵ-ѯе́н-тїй
ба-грѧ-ни́-це-ю,ба-грѧ-ни́-це-ю
ба-грѧ-ни́-цꙋ,ба-грѧ-ни́-цꙋ
ба́-не-ю,ба́-не-ю
бг҃а,бг҃а
бг҃о-3бл҃го-3да́т-ный,бг҃о-3бл҃го-3да́т-ный
бг҃о-бла-го-да́т-на-ѧ,бг҃о-бла-го-да́т-на-ѧ
бг҃о-бла-же́н-на-ѧ,бг҃о-бла-же́н-на-ѧ
бг҃о-бла-же́н-не,бг҃о-бла-же́н-не
бг҃о-бла-же́н-нї-и,бг҃о-бла-же́н-нї-и
бг҃о-бл҃го-да́т-на-ѧ,бг҃о-бл҃го-да́т-на-ѧ
бг҃о-бл҃же́н-на-ѧ,бг҃о-бл҃же́н-на-ѧ
бг҃о-бл҃же́н-не,бг҃о-бл҃же́н-не
бг҃о-ви,бг҃о-ви
бг҃о-ви́-децъ,бг҃о-ви́-децъ
бг҃о-ви́д-нѡ,бг҃о-ви́д-нѡ
бг҃о-ви́д-цы,бг҃о-ви́д-цы
бг҃о-ви́д-че,бг҃о-ви́д-че
бг҃о-ви-дѣ́-нї-ѧ,бг҃о-ви-дѣ́-нї-ѧ
бг҃о-вѣ́-дѣ-нї-емъ,бг҃о-вѣ́-дѣ-нї-емъ
бг҃о-вѣ́-дѣ-нї-ѧ,бг҃о-вѣ́-дѣ-нї-ѧ
бг҃о-гла-го́-ли-ве,бг҃о-гла-го́-ли-ве
бг҃о-гла-го́-ли-вї-и,бг҃о-гла-го́-ли-вї-и
бг҃о-гла-го́-ли-вый,бг҃о-гла-го́-ли-вый
бг҃о-гла́-се,бг҃о-гла́-се
бг҃о-дох-но-ве́н-не,бг҃о-дох-но-ве́н-не
бг҃о-дꙋх-но-ве́н-не,бг҃о-дꙋх-но-ве́н-не
бг҃о-зна́-нї-ѧ,бг҃о-зна́-нї-ѧ
бг҃о-из-бра́н-на-ѧ,бг҃о-из-бра́н-на-ѧ
бг҃о-из-бра́н-ный,бг҃о-из-бра́н-ный
бг҃о-лѣ́п-нѡ,бг҃о-лѣ́п-нѡ
бг҃о-лѣ́п-но-е,бг҃о-лѣ́п-но-е
бг҃о-лю-би́-ва-ѧ,бг҃о-лю-би́-ва-ѧ
бг҃о-ма́-те-ре,бг҃о-ма́-те-ре
бг҃о-ма́-те-ри,бг҃о-ма́-те-ри
бг҃о-ма́-терь,бг҃о-ма́-терь
бг҃о-ма́-ти,бг҃о-ма́-ти
бг҃о-мт҃и,бг҃о-мт҃и
бг҃о-мт҃ре,бг҃о-мт҃ре
бг҃о-мт҃рь,бг҃о-мт҃рь
бг҃о-мꙋ́-дра-ѧ,бг҃о-мꙋ́-дра-ѧ
бг҃о-мꙋ́-дре,бг҃о-мꙋ́-дре
бг҃о-мꙋ́-дрен-нѡ,бг҃о-мꙋ́-дрен-нѡ
бг҃о-мꙋ́-дрї-и,бг҃о-мꙋ́-дрї-и
бг҃о-мꙋ́-дрый,бг҃о-мꙋ́-дрый
бг҃о-мꙋ́-дрымъ,бг҃о-мꙋ́-дрымъ
бг҃о-мꙋ́-дрыхъ,бг҃о-мꙋ́-дрыхъ
бг҃о-мꙋ̑-дры-ѧ,бг҃о-мꙋ̑-дры-ѧ
бг҃омъ,бг҃омъ
бг҃о-на-ча́-лї-е,бг҃о-на-ча́-лї-е
бг҃о-на-ча́-лї-ѧ,бг҃о-на-ча́-лї-ѧ
бг҃о-не-вѣ́ст-на-ѧ,бг҃о-не-вѣ́ст-на-ѧ
бг҃о-не-вѣ́ст-нꙋ-ю,бг҃о-не-вѣ́ст-нꙋ-ю
бг҃о-не-вѣ́-сто,бг҃о-не-вѣ́-сто
бг҃о-но́-се,бг҃о-но́-се
бг҃о-но́-сецъ,бг҃о-но́-сецъ
бг҃о-но́с-на-гѡ,бг҃о-но́с-на-гѡ
бг҃о-но́с-не,бг҃о-но́с-не
бг҃о-но́с-нї-и,бг҃о-но́с-нї-и
бг҃о-но́с-ныхъ,бг҃о-но́с-ныхъ
бг҃о-нѡ́с-ны-ѧ,бг҃о-нѡ́с-ны-ѧ
бг҃о-ѻ-тро-ко-ви́-цꙋ,бг҃о-ѻ-тро-ко-ви́-цꙋ
бг҃о-ѻ-тро-ко-ви́-цы,бг҃о-ѻ-тро-ко-ви́-цы
бг҃о-прї-ѧ́-тенъ,бг҃о-прї-ѧ́-тенъ
бг҃о-прї-ѧ́т-не,бг҃о-прї-ѧ́т-не
бг҃о-прї-ѧ́т-но-е,бг҃о-прї-ѧ́т-но-е
бг҃о-про-ти́в-но-е,бг҃о-про-ти́в-но-е
бг҃о-ра́-до-ван-на-ѧ,бг҃о-ра́-до-ван-на-ѧ
бг҃о-ра-зꙋ́-мї-ѧ,бг҃о-ра-зꙋ́-мї-ѧ
бг҃о-ро-ди́-тель-ни-це,бг҃о-ро-ди́-тель-ни-це
бг҃о-ро-ди́-тель-ни-цꙋ,бг҃о-ро-ди́-тель-ни-цꙋ
бг҃о-ро́-ди-ца,бг҃о-ро́-ди-ца
бг҃о-ро́-ди-це,бг҃о-ро́-ди-це
бг҃о-ро́-ди-ченъ,бг҃о-ро́-ди-ченъ
бг҃о-ро́-дич-ны,бг҃о-ро́-дич-ны
бг҃о-рѡ́-дич-ны,бг҃о-рѡ́-дич-ны
бг҃о-ро́-ди-чо,бг҃о-ро́-ди-чо
бг҃о-сло́-ва,бг҃о-сло́-ва
бг҃о-сло́-ве,бг҃о-сло́-ве
бг҃о-сло́-вилъ,бг҃о-сло́-вилъ
бг҃о-сло́-вї-ѧ,бг҃о-сло́-вї-ѧ
бг҃о-сло́-вѡвъ,бг҃о-сло́-вѡвъ
бг҃о-сло́-вꙋ,бг҃о-сло́-вꙋ
бг҃о-сло́въ,бг҃о-сло́въ
бг҃о-сло́-вѧ-ще,бг҃о-сло́-вѧ-ще
бг҃о-ꙋ-го́д-нѡ,бг҃о-ꙋ-го́д-нѡ
бг҃о-ꙋ-го́д-но-е,бг҃о-ꙋ-го́д-но-е
бг҃о-че-сти̑-вымъ,бг҃о-че-сти̑-вымъ
бг҃о-че́-стї-ѧ,бг҃о-че́-стї-ѧ
бг҃о-ѧв-ле́-нї-е,бг҃о-ѧв-ле́-нї-е
бг҃о-ѧв-ле́-нї-емъ,бг҃о-ѧв-ле́-нї-емъ
бг҃о-ѧв-ле́-нїй,бг҃о-ѧв-ле́-нїй
бг҃о-ѧв-ле́-нї-ѧ,бг҃о-ѧв-ле́-нї-ѧ
бг҃о-ѧв-ле́н-не,бг҃о-ѧв-ле́н-не
бг҃ꙋ,бг҃ꙋ
бг҃ъ,бг҃ъ
бди́-те,бди́-те
бцⷣа,бцⷣа
бцⷣе,бцⷣе
бцⷣе-ю,бцⷣе-ю
бцⷣꙋ,бцⷣꙋ
бцⷣы,бцⷣы
бцⷣѣ,бцⷣѣ
бчⷣенъ,бчⷣенъ
бдѣ́-нї-е,бдѣ́-нї-е
бдѣ́-нї-емъ,бдѣ́-нї-емъ
бдѣ́-нї-и,бдѣ́-нї-и
бдѣ́-нї-ихъ,бдѣ́-нї-ихъ
бдѣ́-нї-ѧ,бдѣ́-нї-ѧ
бдѣ́н-на-гѡ,бдѣ́н-на-гѡ
без-2бо́ж-на-гѡ,без-2бо́ж-на-гѡ
без-2бо́ж-но-мꙋ,без-2бо́ж-но-мꙋ
без-2бо́ж-ныхъ,без-2бо́ж-ныхъ
без-2бѡ́ж-ны-ѧ,без-2бѡ́ж-ны-ѧ
без-2бо-лѣ́з-нен-нѡ,без-2бо-лѣ́з-нен-нѡ
без-2бѣ́д-но-е,без-2бѣ́д-но-е
без-2ви-но́в-на-гѡ,без-2ви-но́в-на-гѡ
без-2грѣ́ш-на-го,без-2грѣ́ш-на-го
без-2грѣ́ш-не,без-2грѣ́ш-не
без-2грѣ́ш-но-мꙋ,без-2грѣ́ш-но-мꙋ
без-2дꙋ́ш-ный,без-2дꙋ́ш-ный
без-2ды-ха́-ненъ,без-2ды-ха́-ненъ
без-2за-ко́-нї-е,без-2за-ко́-нї-е
без-2за-ко́-нї-и,без-2за-ко́-нї-и
без-2за-ко́-нїй,без-2за-ко́-нїй
без-2за-кѡ́-нї-ѧ,без-2за-кѡ́-нї-ѧ
без-2за-ко́н-на-гѡ,без-2за-ко́н-на-гѡ
без-2за-ко́н-ни-кѡвъ,без-2за-ко́н-ни-кѡвъ
без-2за-кѡ́н-никъ,без-2за-кѡ́н-никъ
без-2за-ко́н-нї-и,без-2за-ко́н-нї-и
без-2за-ко́н-но-ва-хомъ,без-2за-ко́н-но-ва-хомъ
без-2за-ко́н-но-мꙋ,без-2за-ко́н-но-мꙋ
без-2за-кѡ́н-нымъ,без-2за-кѡ́н-нымъ
без-2за-ко́н-ныхъ,без-2за-ко́н-ныхъ
без-2ко-не́ч-нꙋ-ю,без-2ко-не́ч-нꙋ-ю
без-2ко-не́ч-ный,без-2ко-не́ч-ный
без-2ко-не́ч-нѣй,без-2ко-не́ч-нѣй
без-2лѣ́т-на-го,без-2лѣ́т-на-го
без-2лѣ́т-но,без-2лѣ́т-но
без-2лѣ́т-нѡ,без-2лѣ́т-нѡ
без-2ма́-те-ренъ,без-2ма́-те-ренъ
без-2мо́л-вї-е,без-2мо́л-вї-е
без-2мо́л-вї-ѧ,без-2мо́л-вї-ѧ
без-2мꙋ́ж-на-ѧ,без-2мꙋ́ж-на-ѧ
без-2мꙋ́ж-ны-ѧ,без-2мꙋ́ж-ны-ѧ
без-2мѣ́р-но-е,без-2мѣ́р-но-е
без-2мѣ́р-номъ,без-2мѣ́р-номъ
без-2мѣ́р-ныхъ,без-2мѣ́р-ныхъ
без-2на-ча́-ленъ,без-2на-ча́-ленъ
без-2на-ча́ль-на,без-2на-ча́ль-на
без-2на-ча́ль-на-го,без-2на-ча́ль-на-го
без-2на-ча́ль-на-гѡ,без-2на-ча́ль-на-гѡ
без-2на-ча́ль-на-ѧ,без-2на-ча́ль-на-ѧ
без-2на-ча́ль-не,без-2на-ча́ль-не
без-2на-ча́ль-но-е,без-2на-ча́ль-но-е
без-2на-ча́ль-но-мꙋ,без-2на-ча́ль-но-мꙋ
без-2на-ча́ль-ный,без-2на-ча́ль-ный
без-2не-вѣ́ст-на-ѧ,без-2не-вѣ́ст-на-ѧ
без-2не-вѣ́ст-ны-ѧ,без-2не-вѣ́ст-ны-ѧ
без-2пи́сь-мен-ный,без-2пи́сь-мен-ный
без-2пло́д-ны-ѧ,без-2пло́д-ны-ѧ
без-2пло́т-на,без-2пло́т-на
без-2пло́т-нї-и,без-2пло́т-нї-и
без-2пло́т-ный,без-2пло́т-ный
без-2пло́т-ны-ми,без-2пло́т-ны-ми
без-2пло́т-ныхъ,без-2пло́т-ныхъ
без-2сме́р-тенъ,без-2сме́р-тенъ
без-2сме́р-тї-е,без-2сме́р-тї-е
без-2сме́рт-на-го,без-2сме́рт-на-го
без-2сме́рт-не,без-2сме́рт-не
без-2сме́рт-но-мꙋ,без-2сме́рт-но-мꙋ
без-2сме́рт-нꙋ-ю,без-2сме́рт-нꙋ-ю
без-2сме́рт-ный,без-2сме́рт-ный
без-2сме́рт-ны-ѧ,без-2сме́рт-ны-ѧ
без-2стра́-стї-е,без-2стра́-стї-е
без-2стра́-стї-ѧ,без-2стра́-стї-ѧ
без-2стра́ст-на-го,без-2стра́ст-на-го
без-2стра́ст-нѡ,без-2стра́ст-нѡ
без-2стра́ст-ный,без-2стра́ст-ный
без-2стꙋ́д-нѣй,без-2стꙋ́д-нѣй
без-2сѣ́-мен-на-гѡ,без-2сѣ́-мен-на-гѡ
без-2сѣ́-мен-но,без-2сѣ́-мен-но
без-2сѣ́-мен-нѡ,без-2сѣ́-мен-нѡ
без-2сѣ́-мен-но-е,без-2сѣ́-мен-но-е
без-2ꙋ́м-но-е,без-2ꙋ́м-но-е
без-2ꙋ́м-ныхъ,без-2ꙋ́м-ныхъ
без-2ча́д-на-ѧ,без-2ча́д-на-ѧ
без-2че-ло-вѣ́-чї-е,без-2че-ло-вѣ́-чї-е
без-2че́-стї-е,без-2че́-стї-е
без-2чи́с-лен-нѡ,без-2чи́с-лен-нѡ
без-2чи́с-лєн-нымъ,без-2чи́с-лєн-нымъ
без-бла-го-да́т-нї-и,без-бла-го-да́т-нї-и
без-бла-го-да́т-ный,без-бла-го-да́т-ный
без-бо́-жї-е,без-бо́-жї-е
без-бо́-жї-ѧ,без-бо́-жї-ѧ
без-бо́ж-но-е,без-бо́ж-но-е
без-бѣ́д-нѡ,без-бѣ́д-нѡ
без-вѣ̑ст-на-ѧ,без-вѣ̑ст-на-ѧ
без-грѣ́-шенъ,без-грѣ́-шенъ
без-грѣ́ш-ный,без-грѣ́ш-ный
бе́з-дна,бе́з-дна
бе́з-дно,бе́з-дно
бе́з-днꙋ,бе́з-днꙋ
бе́з-дны,бе́з-дны
бє́з-дны,бє́з-дны
бе́з-днѣ,бе́з-днѣ
без-за-ко́-нї-ємъ,без-за-ко́-нї-ємъ
без-за-ко́-нї-ихъ,без-за-ко́-нї-ихъ
без-за-ко́-нї-ю,без-за-ко́-нї-ю
без-за-ко́н-нѡ,без-за-ко́н-нѡ
без-за-ко́н-нꙋ-ю-ща-гѡ,без-за-ко́н-нꙋ-ю-ща-гѡ
без-за-ко́н-нꙋ-ю-щихъ,без-за-ко́н-нꙋ-ю-щихъ
без-за-ко́н-ный,без-за-ко́н-ный
без-за-ко́н-ны-ми,без-за-ко́н-ны-ми
без-за-кѡ́н-ны-ѧ,без-за-кѡ́н-ны-ѧ
без-за-ко́нь-ми,без-за-ко́нь-ми
без-ко-не́ч-но-е,без-ко-не́ч-но-е
без-ко-не́ч-ны-ѧ,без-ко-не́ч-ны-ѧ
без-ко-нє́ч-ны-ѧ,без-ко-нє́ч-ны-ѧ
без-лѣ́т-ный,без-лѣ́т-ный
без-мо́л-вї-емъ,без-мо́л-вї-емъ
без-мо́л-вї-и,без-мо́л-вї-и
без-мо́лв-но-е,без-мо́лв-но-е
без-мо́лв-ство-ва-ти,без-мо́лв-ство-ва-ти
без-мѣ̑р-на-ѧ,без-мѣ̑р-на-ѧ
без-мѣ́р-нѡ,без-мѣ́р-нѡ
без-мѣ́р-нꙋ-ю,без-мѣ́р-нꙋ-ю
без-мѣ́р-нымъ,без-мѣ́р-нымъ
без-мѣ́ст-ны-ми,без-мѣ́ст-ны-ми
без-мѣ́ст-ныхъ,без-мѣ́ст-ныхъ
без-на-ча́ль-нꙋ-ю,без-на-ча́ль-нꙋ-ю
без-на-ча́ль-нымъ,без-на-ча́ль-нымъ
без-пло́-тенъ,без-пло́-тенъ
без-пло́т-на-го,без-пло́т-на-го
без-пло́т-но-е,без-пло́т-но-е
без-плѡ́т-нымъ,без-плѡ́т-нымъ
без-плѡ́т-ны-ѧ,без-плѡ́т-ны-ѧ
без-по-мѡ́щ-нымъ,без-по-мѡ́щ-нымъ
без-сло-ве́-сї-ѧ,без-сло-ве́-сї-ѧ
без-сло-ве́с-нѡ,без-сло-ве́с-нѡ
без-сло-ве́с-но-е,без-сло-ве́с-но-е
без-сло-вє́с-нымъ,без-сло-вє́с-нымъ
без-сло-ве́с-ныхъ,без-сло-ве́с-ныхъ
без-сме́р-тї-ѧ,без-сме́р-тї-ѧ
без-сме́рт-но-е,без-сме́рт-но-е
без-сме́рт-ныхъ,без-сме́рт-ныхъ
без-сме́рт-нѣй,без-сме́рт-нѣй
без-сре́-бре-ни-кѡвъ,без-сре́-бре-ни-кѡвъ
без-сре́-брє-ни-цы,без-сре́-брє-ни-цы
без-стра́-стенъ,без-стра́-стенъ
без-стра́-стї-емъ,без-стра́-стї-емъ
без-стра́-стї-ю,без-стра́-стї-ю
без-стꙋ́д-нѡ,без-стꙋ́д-нѡ
без-ꙋ́-менъ,без-ꙋ́-менъ
без-ꙋ́-мї-е,без-ꙋ́-мї-е
без-ꙋ́-мї-ѧ,без-ꙋ́-мї-ѧ
без-ꙋ́м-на-гѡ,без-ꙋ́м-на-гѡ
без-ꙋ́м-нї-и,без-ꙋ́м-нї-и
без-ꙋ́м-нѡ,без-ꙋ́м-нѡ
без-ꙋ́м-ный,без-ꙋ́м-ный
без-ꙋ̑м-ны-ѧ,без-ꙋ̑м-ны-ѧ
без-ча́д-ство-ва-ти,без-ча́д-ство-ва-ти
без-че́-стї-ѧ,без-че́-стї-ѧ
без-чи́с-лєн-на-ѧ,без-чи́с-лєн-на-ѧ
без-чи́с-лен-ныхъ,без-чи́с-лен-ныхъ
бе́з̾,бе́з̾
без̾,без̾
безъ,безъ
без̾-2ѡ-рꙋ́ж-нымъ,без̾-2ѡ-рꙋ́ж-нымъ
без̾-2ꙋ́м-но-е,без̾-2ꙋ́м-но-е
бе-сѣ́-до-валъ,бе-сѣ́-до-валъ
бе-сѣ́-до-ва-ти,бе-сѣ́-до-ва-ти
бе-сѣ́-дꙋ-ѧ,бе-сѣ́-дꙋ-ѧ
бе-сѣ́-дꙋ-ѧй,бе-сѣ́-дꙋ-ѧй
бж҃е,бж҃е
бж҃е-ства̀,бж҃е-ства̀
бж҃е́-ствен-на,бж҃е́-ствен-на
бж҃е́-ствен-на-гѡ,бж҃е́-ствен-на-гѡ
бж҃е́-ствен-на-ѧ,бж҃е́-ствен-на-ѧ
бж҃е́-ствєн-на-ѧ,бж҃е́-ствєн-на-ѧ
бж҃е́-ствен-нї-и,бж҃е́-ствен-нї-и
бж҃е́-ствен-но,бж҃е́-ствен-но
бж҃е́-ствен-нѡ,бж҃е́-ствен-нѡ
бж҃е́-ствен-но-е,бж҃е́-ствен-но-е
бж҃е́-ствен-но-мꙋ,бж҃е́-ствен-но-мꙋ
бж҃е́-ствен-но-ю,бж҃е́-ствен-но-ю
бж҃е́-ствен-нꙋ-ю,бж҃е́-ствен-нꙋ-ю
бж҃е́-ствен-ный,бж҃е́-ствен-ный
бж҃е́-ствен-ны-ми,бж҃е́-ствен-ны-ми
бж҃е́-ствен-нымъ,бж҃е́-ствен-нымъ
бж҃е́-ствен-ныхъ,бж҃е́-ствен-ныхъ
бж҃е́-ствен-ны-ѧ,бж҃е́-ствен-ны-ѧ
бж҃е́-ствен-нѣ,бж҃е́-ствен-нѣ
бж҃е́-ствен-нѣй,бж҃е́-ствен-нѣй
бж҃е́-ствен-нѣмъ,бж҃е́-ствен-нѣмъ
бж҃е-ство̀,бж҃е-ство̀
бж҃е-ство́мъ,бж҃е-ство́мъ
бж҃е-ствꙋ̀,бж҃е-ствꙋ̀
бж҃е-ствѣ̀,бж҃е-ствѣ̀
бж҃ї-е,бж҃ї-е
бж҃ї-ей,бж҃ї-ей
бж҃ї-е-ю,бж҃ї-е-ю
бж҃їй,бж҃їй
бж҃ї-и-ми,бж҃ї-и-ми
бж҃ї-имъ,бж҃ї-имъ
бж҃ї-ихъ,бж҃ї-ихъ
бж҃ї-ю,бж҃ї-ю
бж҃ї-ѧ,бж҃ї-ѧ
бжⷭ҇тва̀,бжⷭ҇тва̀
бжⷭ҇твен-на,бжⷭ҇твен-на
бжⷭ҇твен-на-го,бжⷭ҇твен-на-го
бжⷭ҇твен-на-гѡ,бжⷭ҇твен-на-гѡ
бжⷭ҇твен-на-ѧ,бжⷭ҇твен-на-ѧ
бжⷭ҇твєн-на-ѧ,бжⷭ҇твєн-на-ѧ
бжⷭ҇твен-нї-и,бжⷭ҇твен-нї-и
бжⷭ҇твен-но,бжⷭ҇твен-но
бжⷭ҇твен-нѡ,бжⷭ҇твен-нѡ
бжⷭ҇твен-но-е,бжⷭ҇твен-но-е
бжⷭ҇твен-но-мꙋ,бжⷭ҇твен-но-мꙋ
бжⷭ҇твен-но-ю,бжⷭ҇твен-но-ю
бжⷭ҇твен-нꙋ-ю,бжⷭ҇твен-нꙋ-ю
бжⷭ҇твен-ный,бжⷭ҇твен-ный
бжⷭ҇твен-ны-ми,бжⷭ҇твен-ны-ми
бжⷭ҇твен-нымъ,бжⷭ҇твен-нымъ
бжⷭ҇твєн-нымъ,бжⷭ҇твєн-нымъ
бжⷭ҇твен-ныхъ,бжⷭ҇твен-ныхъ
бжⷭ҇твен-ны-ѧ,бжⷭ҇твен-ны-ѧ
бжⷭ҇твєн-ны-ѧ,бжⷭ҇твєн-ны-ѧ
бжⷭ҇твен-нѣ,бжⷭ҇твен-нѣ
бжⷭ҇твен-нѣй,бжⷭ҇твен-нѣй
бжⷭ҇твен-нѣмъ,бжⷭ҇твен-нѣмъ
бжⷭ҇твенъ,бжⷭ҇твенъ
бжⷭ҇тво̀,бжⷭ҇тво̀
бжⷭ҇тво́мъ,бжⷭ҇тво́мъ
бжⷭ҇твѣ̀,бжⷭ҇твѣ̀
бз҃е,бз҃е
бз҃ѣ,бз҃ѣ
би́-се-ра,би́-се-ра
би́-серъ,би́-серъ
биш-ке́къ,биш-ке́къ
бї-е́мь,бї-е́мь
бї-є́-нї-ѧ,бї-є́-нї-ѧ
бї-е́нъ,бї-е́нъ
бї-е́тъ,бї-е́тъ
бла-га̀,бла-га̀
бла-га́-гѡ,бла-га́-гѡ
бла-га́-ѧ,бла-га́-ѧ
бла-ги́-ми,бла-ги́-ми
бла-ги́мъ,бла-ги́мъ
бла-ги̑мъ,бла-ги̑мъ
бла-ги́хъ,бла-ги́хъ
бла-гі́й,бла-гі́й
бла́-го,бла́-го
бла-го-4во-ле́-нї-е,бла-го-4во-ле́-нї-е
бла-го-4во-ле́-нї-емъ,бла-го-4во-ле́-нї-емъ
бла-го-4во-ле́-нї-ѧ,бла-го-4во-ле́-нї-ѧ
бла-го-4во-лѝ,бла-го-4во-лѝ
бла-го-4во-ли́-вый,бла-го-4во-ли́-вый
бла-го-4во-ли́лъ,бла-го-4во-ли́лъ
бла-го-4во́-нї-ѧ,бла-го-4во́-нї-ѧ
бла-го-4вѣ́р-но-мꙋ,бла-го-4вѣ́р-но-мꙋ
бла-го-4вѣ-ство-ва́-нї-е,бла-го-4вѣ-ство-ва́-нї-е
бла-го-4вѣ-ство-ва́-ше,бла-го-4вѣ-ство-ва́-ше
бла-го-4вѣ-ствꙋ́-ю-ще,бла-го-4вѣ-ствꙋ́-ю-ще
бла-го-4вѣ-ствꙋ́-ю-щей,бла-го-4вѣ-ствꙋ́-ю-щей
бла-го-4вѣ-ствꙋ́-ѧй,бла-го-4вѣ-ствꙋ́-ѧй
бла-го-4вѣ-стѝ,бла-го-4вѣ-стѝ
бла-го-4вѣ-сти́-ти,бла-го-4вѣ-сти́-ти
бла-го-4вѣ-ща́-ше,бла-го-4вѣ-ща́-ше
бла-го-4вѣ́-щє-нї-ѧ,бла-го-4вѣ́-щє-нї-ѧ
бла-го-4вѣ-щꙋ̀,бла-го-4вѣ-щꙋ̀
бла-го-4гла-гѡ́-ли-ва-ѧ,бла-го-4гла-гѡ́-ли-ва-ѧ
бла-го-4гла-го́-ли-вымъ,бла-го-4гла-го́-ли-вымъ
бла-го-4го-вѣ́-етъ,бла-го-4го-вѣ́-етъ
бла-го-4да-ре́-нї-ѧ,бла-го-4да-ре́-нї-ѧ
бла-го-4да-рѝ,бла-го-4да-рѝ
бла-го-4да́-рї-е,бла-го-4да́-рї-е
бла-го-4да́р-нѡ,бла-го-4да́р-нѡ
бла-го-4да́р-нымъ,бла-го-4да́р-нымъ
бла-го-4да́р-ствен-нѡ,бла-го-4да́р-ствен-нѡ
бла-го-4да-рѧ́-ше,бла-го-4да-рѧ́-ше
бла-го-4да́-тей,бла-го-4да́-тей
бла-го-4да́-те-лю,бла-го-4да́-те-лю
бла-го-4да́-ти,бла-го-4да́-ти
бла-го-4да́-тї-ю,бла-го-4да́-тї-ю
бла-го-4да́т-на-ѧ,бла-го-4да́т-на-ѧ
бла-го-4да̑т-ны-ѧ,бла-го-4да̑т-ны-ѧ
бла-го-4да́т-нѣй,бла-го-4да́т-нѣй
бла-го-4да́ть,бла-го-4да́ть
бла-го-4дѣ́-ла-нї-ѧ,бла-го-4дѣ́-ла-нї-ѧ
бла-го-4дѣ́-те-ли,бла-го-4дѣ́-те-ли
бла-го-4дѣ́-тель,бла-го-4дѣ́-тель
бла-го-4дѣ́-те-лю,бла-го-4дѣ́-те-лю
бла-го-4дѣ́-те-лѧ,бла-го-4дѣ́-те-лѧ
бла-го-4из-во́-ли,бла-го-4из-во́-ли
бла-го-4лѣ́-пї-е,бла-го-4лѣ́-пї-е
бла-го-4по-трє́б-ны-ѧ,бла-го-4по-трє́б-ны-ѧ
бла-го-4пре-мѣ-ни́-тель,бла-го-4пре-мѣ-ни́-тель
бла-го-4пре-мѣ́н-но-мꙋ,бла-го-4пре-мѣ́н-но-мꙋ
бла-го-4прї-ѧ́т-но-е,бла-го-4прї-ѧ́т-но-е
бла-го-4ро́д-нї-и,бла-го-4ро́д-нї-и
бла-го-4сла́в-ный,бла-го-4сла́в-ный
бла-го-4сло-ве́-на,бла-го-4сло-ве́-на
бла-го-4сло-ве́-нї-е,бла-го-4сло-ве́-нї-е
бла-го-4сло-ве́-нї-емъ,бла-го-4сло-ве́-нї-емъ
бла-го-4сло-ве́н-на,бла-го-4сло-ве́н-на
бла-го-4сло-ве́н-на-ѧ,бла-го-4сло-ве́н-на-ѧ
бла-го-4сло-ве́н-но-мꙋ,бла-го-4сло-ве́н-но-мꙋ
бла-го-4сло-ве́н-нꙋ-ю,бла-го-4сло-ве́н-нꙋ-ю
бла-го-4сло-ве́нъ,бла-го-4сло-ве́нъ
бла-го-4сло-вѝ,бла-го-4сло-вѝ
бла-го-4сло-ви́въ,бла-го-4сло-ви́въ
бла-го-4сло-ви́-вый,бла-го-4сло-ви́-вый
бла-го-4сло-ви́мъ,бла-го-4сло-ви́мъ
бла-го-4сло-ви́-те,бла-го-4сло-ви́-те
бла-го-4сло-ви́-ти,бла-го-4сло-ви́-ти
бла-го-4сло-ви́тъ,бла-го-4сло-ви́тъ
бла-го-4сло-влѧ́-хꙋ,бла-го-4сло-влѧ́-хꙋ
бла-го-4сло-вѣ́нъ,бла-го-4сло-вѣ́нъ
бла-го-4сло-вѧ̀,бла-го-4сло-вѧ̀
бла-го-4сло-вѧ́тъ,бла-го-4сло-вѧ́тъ
бла-го-4сло-вѧ́-ще,бла-го-4сло-вѧ́-ще
бла́-го-сти,бла́-го-сти
бла́-го-стї-ю,бла́-го-стї-ю
бла-го-сты́-ню,бла-го-сты́-ню
бла-го-сты́-нѧ,бла-го-сты́-нѧ
бла-го-4ꙋ-вѣ́т-ли-ва,бла-го-4ꙋ-вѣ́т-ли-ва
бла-го-4ꙋ-кра-ше́-нї-е,бла-го-4ꙋ-кра-ше́-нї-е
бла-го-4ꙋ-ти́ш-но-е,бла-го-4ꙋ-ти́ш-но-е
бла-го-4ꙋ-тро́-бенъ,бла-го-4ꙋ-тро́-бенъ
бла-го-4ꙋ-тро́-бї-е,бла-го-4ꙋ-тро́-бї-е
бла-го-4ꙋ-тро́-бї-емъ,бла-го-4ꙋ-тро́-бї-емъ
бла-го-4ꙋ-тро́-бї-ю,бла-го-4ꙋ-тро́-бї-ю
бла-го-4ꙋ-тро́-бї-ѧ,бла-го-4ꙋ-тро́-бї-ѧ
бла-го-4ꙋ-тро́б-на-го,бла-го-4ꙋ-тро́б-на-го
бла-го-4ѹ҆-тро́б-не,бла-го-4ѹ҆-тро́б-не
бла-го-4ꙋ-тро́б-не,бла-го-4ꙋ-тро́б-не
бла-го-4ꙋ-тро́б-но-мꙋ,бла-го-4ꙋ-тро́б-но-мꙋ
бла-го-4ꙋ-тро́б-но-ю,бла-го-4ꙋ-тро́б-но-ю
бла-го-4ꙋ-ха́-етъ,бла-го-4ꙋ-ха́-етъ
бла-го-4ꙋ-ха́-нї-ѧ,бла-го-4ꙋ-ха́-нї-ѧ
бла-го-4ѹ-ха́н-ный,бла-го-4ѹ-ха́н-ный
бла-го-4хва-ли́-ти,бла-го-4хва-ли́-ти
бла-го-4ча́д-ствꙋ-ю-щї-ѧ,бла-го-4ча́д-ствꙋ-ю-щї-ѧ
бла-го-4че́-ство-вав-шы-ѧ,бла-го-4че́-ство-вав-шы-ѧ
бла-го-4че́-ствꙋ-ю-щихъ,бла-го-4че́-ствꙋ-ю-щихъ
бла-го-4че-сти́-вї-и,бла-го-4че-сти́-вї-и
бла-го-4че-сти́-выхъ,бла-го-4че-сти́-выхъ
бла-го-4че-сти̑-вы-ѧ,бла-го-4че-сти̑-вы-ѧ
бла-го-4чє-сти́-вы-ѧ,бла-го-4чє-сти́-вы-ѧ
бла-го-4че́-стї-е,бла-го-4че́-стї-е
бла-го-4че́-стї-ю,бла-го-4че́-стї-ю
бла-го-4че́-стї-ѧ,бла-го-4че́-стї-ѧ
бла-го-4че́ст-нѡ,бла-го-4че́ст-нѡ
бла-го-во́-нї-е,бла-го-во́-нї-е
бла-го-вѣ́р-на-гѡ,бла-го-вѣ́р-на-гѡ
бла-го-вѣ-ствꙋ́-етъ,бла-го-вѣ-ствꙋ́-етъ
бла-го-вѣ́-ще-нї-е,бла-го-вѣ́-ще-нї-е
бла-го-го-вѣ́й-нѡ,бла-го-го-вѣ́й-нѡ
бла-го-го-вѣ́-нї-емъ,бла-го-го-вѣ́-нї-емъ
бла-го-4да-ре́-нї-е,бла-го-4да-ре́-нї-е
бла-го-4да-ре́-нї-емъ,бла-го-4да-ре́-нї-емъ
бла-го-4да-ри́мъ,бла-го-4да-ри́мъ
бла-го-4да-ри́-ти,бла-го-4да-ри́-ти
бла-го-4да́р-нѣ,бла-го-4да́р-нѣ
бла-го-4да-рю̀,бла-го-4да-рю̀
бла-го-4да-рѧ́-ще,бла-го-4да-рѧ́-ще
бла-го-4дѣ́-тель-ство-ва-ни,бла-го-4дѣ́-тель-ство-ва-ни
бла-го-4дѣ-ѧ̑-нї-ѧ,бла-го-4дѣ-ѧ̑-нї-ѧ
бла-го́-е,бла-го́-е
бла́-го-же,бла́-го-же
бла-го-лѣ́-пї-ѧ,бла-го-лѣ́-пї-ѧ
бла-го-лѣ́п-нѡ,бла-го-лѣ́п-нѡ
бла-го́-мꙋ,бла-го́-мꙋ
бла-го-сло-ве́-нї-и,бла-го-сло-ве́-нї-и
бла-го-сло-влю̀,бла-го-сло-влю̀
бла́-гость,бла́-гость
бла-го-ꙋ-го́-денъ,бла-го-ꙋ-го́-денъ
бла-го-че-сти́-ва-гѡ,бла-го-че-сти́-ва-гѡ
бла-го-че́-стї-емъ,бла-го-че́-стї-емъ
бла-го-че́-стї-и,бла-го-че́-стї-и
бла́-гꙋ,бла́-гꙋ
бла-гꙋ́-ю,бла-гꙋ́-ю
бла́гъ,бла́гъ
бла̑гъ,бла̑гъ
бла-жа́тъ,бла-жа́тъ
бла-жа́-ще,бла-жа́-ще
бла-жа́-щихъ,бла-жа́-щихъ
бла-жа́-щымъ,бла-жа́-щымъ
бла-жа́-щы-ѧ,бла-жа́-щы-ѧ
бла́-же,бла́-же
бла-же́-ни,бла-же́-ни
бла-же́н-на,бла-же́н-на
бла-же́н-на-гѡ,бла-же́н-на-гѡ
бла-же́н-на-ѧ,бла-же́н-на-ѧ
бла-же́н-не,бла-же́н-не
бла-же́н-нї-и,бла-же́н-нї-и
бла-же́н-но-е,бла-же́н-но-е
бла-же́н-но-мꙋ,бла-же́н-но-мꙋ
бла-же́н-нꙋ-ю,бла-же́н-нꙋ-ю
бла-же́н-ный,бла-же́н-ный
бла-же́н-ства,бла-же́н-ства
бла-же́н-ство,бла-же́н-ство
бла-же́нъ,бла-же́нъ
бла-жи́мъ,бла-жи́мъ
бла-жи́-ти,бла-жи́-ти
бла́-зи,бла́-зи
бла́-зѣ,бла́-зѣ
бл҃га,бл҃га
бл҃га́-го,бл҃га́-го
бл҃га́-гѡ,бл҃га́-гѡ
бл҃га́-ѧ,бл҃га́-ѧ
бл҃га̑-ѧ,бл҃га̑-ѧ
блгⷣти,блгⷣти
блгⷣтї-ю,блгⷣтї-ю
блгⷣть,блгⷣть
бл҃ги́-ми,бл҃ги́-ми
бл҃ги́мъ,бл҃ги́мъ
бл҃ги́хъ,бл҃ги́хъ
бл҃гі́й,бл҃гі́й
бл҃го,бл҃го
бл҃го-4да́-тї-ю,бл҃го-4да́-тї-ю
бл҃го-4да́т-на-ѧ,бл҃го-4да́т-на-ѧ
бл҃го-4да́ть,бл҃го-4да́ть
бл҃го-4сло-ве́н-на-ѧ,бл҃го-4сло-ве́н-на-ѧ
бл҃го-4сло-ве́нъ,бл҃го-4сло-ве́нъ
бл҃го-4сло-вѝ,бл҃го-4сло-вѝ
бл҃го-4че-сти́-вѣй-шей,бл҃го-4че-сти́-вѣй-шей
бл҃го-4во-ле́-нї-е,бл҃го-4во-ле́-нї-е
бл҃го-4во-ле́-нї-емъ,бл҃го-4во-ле́-нї-емъ
бл҃го-4во-ле́-нї-ѧ,бл҃го-4во-ле́-нї-ѧ
бл҃го-4во-лѝ,бл҃го-4во-лѝ
бл҃го-4во-ли́-вый,бл҃го-4во-ли́-вый
бл҃го-4во-ли́лъ,бл҃го-4во-ли́лъ
бл҃го-4во-ли́-ши,бл҃го-4во-ли́-ши
бл҃го-4во́-нї-ѧ,бл҃го-4во́-нї-ѧ
бл҃го-4во́н-но-е,бл҃го-4во́н-но-е
бл҃го-4вѣ́р-на-го,бл҃го-4вѣ́р-на-го
бл҃го-4вѣ́р-на-гѡ,бл҃го-4вѣ́р-на-гѡ
бл҃го-4вѣ́р-нї-и,бл҃го-4вѣ́р-нї-и
бл҃го-4вѣ́р-но-мꙋ,бл҃го-4вѣ́р-но-мꙋ
бл҃го-4вѣ́р-номъ,бл҃го-4вѣ́р-номъ
бл҃го-4вѣ́р-ный,бл҃го-4вѣ́р-ный
бл҃го-4вѣ-ство-ва́-нї-е,бл҃го-4вѣ-ство-ва́-нї-е
бл҃го-4вѣ-ство-ва́-нї-ѧ,бл҃го-4вѣ-ство-ва́-нї-ѧ
бл҃го-4вѣ-ствꙋ́-етъ,бл҃го-4вѣ-ствꙋ́-етъ
бл҃го-4вѣ́-стї-е,бл҃го-4вѣ́-стї-е
бл҃го-4вѣ́-стї-ѧ,бл҃го-4вѣ́-стї-ѧ
бл҃го-4вѣ́-ще-нї-е,бл҃го-4вѣ́-ще-нї-е
бл҃го-4вѣ́-ще-нї-ѧ,бл҃го-4вѣ́-ще-нї-ѧ
бл҃го-4го-4вѣ́-нї-емъ,бл҃го-4го-4вѣ́-нї-емъ
бл҃го-4го-вѣ́й-нѡ,бл҃го-4го-вѣ́й-нѡ
бл҃го-4да-ре́-нї-е,бл҃го-4да-ре́-нї-е
бл҃го-4да-ре́-нї-ѧ,бл҃го-4да-ре́-нї-ѧ
бл҃го-4да-ри́мъ,бл҃го-4да-ри́мъ
бл҃го-4да́р-нѡ,бл҃го-4да́р-нѡ
бл҃го-4да́р-ствєн-на-ѧ,бл҃го-4да́р-ствєн-на-ѧ
бл҃го-4да́р-ствен-нѡ,бл҃го-4да́р-ствен-нѡ
бл҃го-4да-рѧ́-ще,бл҃го-4да-рѧ́-ще
бл҃го-4да́-тей,бл҃го-4да́-тей
бл҃го-4да́-те-лю,бл҃го-4да́-те-лю
бл҃го-4да́-ти,бл҃го-4да́-ти
бл҃го-4да̑-ти,бл҃го-4да̑-ти
бл҃го-4да́т-нѣй,бл҃го-4да́т-нѣй
бл҃го-4да́ть-ми,бл҃го-4да́ть-ми
бл҃го-4де́н-ствї-е,бл҃го-4де́н-ствї-е
бл҃го-4дѣ́-тель,бл҃го-4дѣ́-тель
бл҃го-4дѣ́-те-лю,бл҃го-4дѣ́-те-лю
бл҃го-4дѣ́-те-лѧ,бл҃го-4дѣ́-те-лѧ
бл҃го-4дѣ-ѧ́-нїй,бл҃го-4дѣ-ѧ́-нїй
бл҃го-4дѣ-ѧ̑-нї-ѧ,бл҃го-4дѣ-ѧ̑-нї-ѧ
бл҃го́-е,бл҃го́-е
бл҃го-4из-во́-ли,бл҃го-4из-во́-ли
бл҃го-4лѣ́-пї-е,бл҃го-4лѣ́-пї-е
бл҃го-4лѣ́-пї-ѧ,бл҃го-4лѣ́-пї-ѧ
бл҃го́-мꙋ,бл҃го́-мꙋ
бл҃го-4ѡб-ра́з-ный,бл҃го-4ѡб-ра́з-ный
бл҃го-4прї-ѧ́т-нꙋ,бл҃го-4прї-ѧ́т-нꙋ
бл҃го-4прї-ѧ́т-ны-ми,бл҃го-4прї-ѧ́т-ны-ми
бл҃го-4раст-во-ре́-нї-е,бл҃го-4раст-во-ре́-нї-е
бл҃го-4се́р-дї-емъ,бл҃го-4се́р-дї-емъ
бл҃го-4сло-ве́-на,бл҃го-4сло-ве́-на
бл҃го-4сло-ве́-нї-е,бл҃го-4сло-ве́-нї-е
бл҃го-4сло-ве́-нї-емъ,бл҃го-4сло-ве́-нї-емъ
бл҃го-4сло-ве́-нї-и,бл҃го-4сло-ве́-нї-и
бл҃го-4сло-ве́-нї-ѧ,бл҃го-4сло-ве́-нї-ѧ
бл҃го-4сло-ве́н-на,бл҃го-4сло-ве́н-на
бл҃го-4сло-ве́н-нꙋ-ю,бл҃го-4сло-ве́н-нꙋ-ю
бл҃го-4сло-ве́н-ный,бл҃го-4сло-ве́н-ный
бл҃го-4сло-ве́-но,бл҃го-4сло-ве́-но
бл҃го-4сло-ви́в-шꙋ,бл҃го-4сло-ви́в-шꙋ
бл҃го-4сло-ви́въ,бл҃го-4сло-ви́въ
бл҃го-4сло-ви́-вый,бл҃го-4сло-ви́-вый
бл҃го-4сло-ви́лъ,бл҃го-4сло-ви́лъ
бл҃го-4сло-ви́мъ,бл҃го-4сло-ви́мъ
бл҃го-4сло-ви́-сѧ,бл҃го-4сло-ви́-сѧ
бл҃го-4сло-ви́-те,бл҃го-4сло-ви́-те
бл҃го-4сло-ви́-ти,бл҃го-4сло-ви́-ти
бл҃го-4сло-ви́тъ,бл҃го-4сло-ви́тъ
бл҃го-4слов-лю́,бл҃го-4слов-лю́
бл҃го-4слов-лю̀,бл҃го-4слов-лю̀
бл҃го-4сло-влѧ́-етъ,бл҃го-4сло-влѧ́-етъ
бл҃го-4сло-влѧ́-хꙋ,бл҃го-4сло-влѧ́-хꙋ
бл҃го-4слов-лѧ́-ѧй,бл҃го-4слов-лѧ́-ѧй
бл҃го-4сло-вѧ́тъ,бл҃го-4сло-вѧ́тъ
бл҃го-4сло-вѧ́-ще,бл҃го-4сло-вѧ́-ще
бл҃го-сти,бл҃го-сти
бл҃го-стї-ю,бл҃го-стї-ю
бл҃го-сто-ѧ́-нї-и,бл҃го-сто-ѧ́-нї-и
бл҃го-сты́-ни,бл҃го-сты́-ни
бл҃го-сты́-ню,бл҃го-сты́-ню
бл҃гость,бл҃гость
бл҃го-4ꙋ-го́-денъ,бл҃го-4ꙋ-го́-денъ
бл҃го-4ꙋ-кра-си́-сѧ,бл҃го-4ꙋ-кра-си́-сѧ
бл҃го-4ꙋ-тро́-бенъ,бл҃го-4ꙋ-тро́-бенъ
бл҃го-4ꙋ-тро́-бї-е,бл҃го-4ꙋ-тро́-бї-е
бл҃го-4ꙋ-тро́-бї-емъ,бл҃го-4ꙋ-тро́-бї-емъ
бл҃го-4ꙋ-тро́-бї-ю,бл҃го-4ꙋ-тро́-бї-ю
бл҃го-4ꙋ-тро́-бї-ѧ,бл҃го-4ꙋ-тро́-бї-ѧ
бл҃го-4ꙋ-тро́б-на-го,бл҃го-4ꙋ-тро́б-на-го
бл҃го-4ꙋ-тро́б-не,бл҃го-4ꙋ-тро́б-не
бл҃го-4ꙋ-тро́б-ный,бл҃го-4ꙋ-тро́б-ный
бл҃го-4ꙋ-ха́-нї-ѧ,бл҃го-4ꙋ-ха́-нї-ѧ
бл҃го-4че-сти́-выхъ,бл҃го-4че-сти́-выхъ
бл҃го-4че-сти̑-вы-ѧ,бл҃го-4че-сти̑-вы-ѧ
бл҃го-4чє-сти́-вы-ѧ,бл҃го-4чє-сти́-вы-ѧ
бл҃го-4че-сти́-вѣй-ша-го,бл҃го-4че-сти́-вѣй-ша-го
бл҃го-4че-сти́-вѣй-ше-мꙋ,бл҃го-4че-сти́-вѣй-ше-мꙋ
бл҃го-4че-сти́-вѣй-шемъ,бл҃го-4че-сти́-вѣй-шемъ
бл҃го-4че-сти́-вѣй-шꙋ-ю,бл҃го-4че-сти́-вѣй-шꙋ-ю
бл҃го-4че́-стї-е,бл҃го-4че́-стї-е
бл҃го-4че́-стї-емъ,бл҃го-4че́-стї-емъ
бл҃го-4че́-стї-и,бл҃го-4че́-стї-и
бл҃го-4че́-стї-ю,бл҃го-4че́-стї-ю
бл҃го-4че́-стї-ѧ,бл҃го-4че́-стї-ѧ
бл҃го-4че́ст-нѡ,бл҃го-4че́ст-нѡ
блгⷭ҇ве́-нї-е,блгⷭ҇ве́-нї-е
блгⷭ҇ве́нъ,блгⷭ҇ве́нъ
блгⷭ҇вѝ,блгⷭ҇вѝ
бл҃гꙋ́-ю,бл҃гꙋ́-ю
бл҃гъ,бл҃гъ
бле-ща́-нї-емъ,бле-ща́-нї-емъ
бле-ща́-хꙋ-сѧ,бле-ща́-хꙋ-сѧ
бле-ща́-щих-сѧ,бле-ща́-щих-сѧ
бл҃жа́тъ,бл҃жа́тъ
бл҃жа́-щихъ,бл҃жа́-щихъ
бл҃же,бл҃же
бл҃же́-ни,бл҃же́-ни
бл҃жє́н-на,бл҃жє́н-на
бл҃же́н-на-го,бл҃же́н-на-го
бл҃же́н-на-гѡ,бл҃же́н-на-гѡ
бл҃же́н-на-ѧ,бл҃же́н-на-ѧ
бл҃же́н-не,бл҃же́н-не
бл҃же́н-нї-и,бл҃же́н-нї-и
бл҃же́н-но-е,бл҃же́н-но-е
бл҃же́н-но-мꙋ,бл҃же́н-но-мꙋ
бл҃же́н-нꙋ-ю,бл҃же́н-нꙋ-ю
бл҃жє́н-ны,бл҃жє́н-ны
бл҃же́н-ный,бл҃же́н-ный
бл҃же́н-ныхъ,бл҃же́н-ныхъ
бл҃же́н-ны-ѧ,бл҃же́н-ны-ѧ
бл҃же́н-ства,бл҃же́н-ства
бл҃же́н-ство,бл҃же́н-ство
бл҃же́н-ствꙋ,бл҃же́н-ствꙋ
бл҃же́нъ,бл҃же́нъ
бл҃жи́мъ,бл҃жи́мъ
бл҃зи,бл҃зи
бли́ж-не-мꙋ,бли́ж-не-мꙋ
бли̑ж-нимъ,бли̑ж-нимъ
бли́ж-нихъ,бли́ж-нихъ
бли́ж-нї-ѧ,бли́ж-нї-ѧ
бли́ж-нѧ-гѡ,бли́ж-нѧ-гѡ
близ-не́цъ,близ-не́цъ
бли́з̾,бли́з̾
бли-ста́-нї-емъ,бли-ста́-нї-емъ
бли-ста̑-нї-и,бли-ста̑-нї-и
бли-ста́-нї-ѧ,бли-ста́-нї-ѧ
бли-ста́нь-ми,бли-ста́нь-ми
бли-ста́-ю-ща-сѧ,бли-ста́-ю-ща-сѧ
бли-ста́-ѧй-сѧ,бли-ста́-ѧй-сѧ
бли-ста́-ѧ-сѧ,бли-ста́-ѧ-сѧ
блꙋ-да̀,блꙋ-да̀
блꙋ́д-на-го,блꙋ́д-на-го
блꙋд-ни́-ца,блꙋд-ни́-ца
блꙋд-ни́-цꙋ,блꙋд-ни́-цꙋ
блꙋд-ни́-цы,блꙋд-ни́-цы
блꙋд-ни́-цѣ,блꙋд-ни́-цѣ
блꙋ́д-нѡ,блꙋ́д-нѡ
блꙋ́д-ный,блꙋ́д-ный
блꙋ́дъ,блꙋ́дъ
блꙋ-дѧ́-ща-го,блꙋ-дѧ́-ща-го
блю-дѝ,блю-дѝ
блю-ди́-сѧ,блю-ди́-сѧ
блю-ди́-те,блю-ди́-те
блю-ди́-те-сѧ,блю-ди́-те-сѧ
блю́-до,блю́-до
блю́-дѣ,блю́-дѣ
блю-стѝ,блю-стѝ
бо,бо
бо́-га,бо́-га
бо-га́-та-гѡ,бо-га́-та-гѡ
бо-га̑-та-ѧ,бо-га̑-та-ѧ
бо-га́-тї-и,бо-га́-тї-и
бо-га́т-нѡ,бо-га́т-нѡ
бо-га́т-ства,бо-га́т-ства
бо-га́т-ство,бо-га́т-ство
бо-га́т-ствомъ,бо-га́т-ствомъ
бо-га́т-ствѣ,бо-га́т-ствѣ
бо-га́-тꙋ-ю,бо-га́-тꙋ-ю
бо-га́тъ,бо-га́тъ
бо-га́-тый,бо-га́-тый
бо-га́-ты-ми,бо-га́-ты-ми
бо-га́-тыхъ,бо-га́-тыхъ
бо-га́-ты-ѧ,бо-га́-ты-ѧ
бо-га̑-ты-ѧ,бо-га̑-ты-ѧ
бо́-ги,бо́-ги
бо-го-4бла-го-4да́т-ный,бо-го-4бла-го-4да́т-ный
бо-го-4бла-же́н-на-ѧ,бо-го-4бла-же́н-на-ѧ
бо́-го-4ви,бо́-го-4ви
бо-го-4ви́-децъ,бо-го-4ви́-децъ
бо-го-4ви́д-нѡ,бо-го-4ви́д-нѡ
бо-го-4вмѣ-сти́-мо-е,бо-го-4вмѣ-сти́-мо-е
бо-го-4вѣ́-дѣ-нї-е,бо-го-4вѣ́-дѣ-нї-е
бо-го-4вѣ́-дѣ-нї-емъ,бо-го-4вѣ́-дѣ-нї-емъ
бо-го-4вѣ́-дѣ-нї-ѧ,бо-го-4вѣ́-дѣ-нї-ѧ
бо-го-4вѣ-ща́н-нї-и,бо-го-4вѣ-ща́н-нї-и
бо-го-4гла-го́-ли-вї-и,бо-го-4гла-го́-ли-вї-и
бо-го-4гла-го́-ли-вый,бо-го-4гла-го́-ли-вый
бо-го-4до-хно-ве́н-но-ю,бо-го-4до-хно-ве́н-но-ю
бо-го-4зри́-мї-и,бо-го-4зри́-мї-и
бо-го-4зри́-тель-нѡ,бо-го-4зри́-тель-нѡ
бо-го-4кра́с-на-ѧ,бо-го-4кра́с-на-ѧ
бо-го-4лѣ́п-на-ѧ,бо-го-4лѣ́п-на-ѧ
бо-го-4лѣ́п-нѡ,бо-го-4лѣ́п-нѡ
бо-го-4лѣ́п-но-е,бо-го-4лѣ́п-но-е
бо-го-4лѣ́п-нꙋ-ю,бо-го-4лѣ́п-нꙋ-ю
бо-го-4ма́-те-ре,бо-го-4ма́-те-ре
бо-го-4ма́-терь,бо-го-4ма́-терь
бо-го-4ма́-ти,бо-го-4ма́-ти
бо-го-4ме́рз-ско-е,бо-го-4ме́рз-ско-е
бо-го-4мꙋ́д-рї-и,бо-го-4мꙋ́д-рї-и
бо-го-4мꙋ́ж-но-мꙋ,бо-го-4мꙋ́ж-но-мꙋ
бо-го-4на-ча́-лї-ѧ,бо-го-4на-ча́-лї-ѧ
бо-го-4на-ча́ль-ны-ѧ,бо-го-4на-ча́ль-ны-ѧ
бо-го-4не-вѣ́ст-на-ѧ,бо-го-4не-вѣ́ст-на-ѧ
бо-го-4не-вѣ́ст-нꙋ-ю,бо-го-4не-вѣ́ст-нꙋ-ю
бо-го-4не-вѣ́-сто,бо-го-4не-вѣ́-сто
бо-го-4но́-се,бо-го-4но́-се
бо-го-4но́с-нї-и,бо-го-4но́с-нї-и
бо-го-4но́с-ный,бо-го-4но́с-ный
бо-го-4но́с-ныхъ,бо-го-4но́с-ныхъ
бо-го-4ѻ-те́цъ,бо-го-4ѻ-те́цъ
бо-го-4ѻ-тро-ко-ви́-це-ю,бо-го-4ѻ-тро-ко-ви́-це-ю
бо-го-4пи́-сан-ный,бо-го-4пи́-сан-ный
бо-го-4пи̑-сан-ны-ѧ,бо-го-4пи̑-сан-ны-ѧ
бо-го-4по-до́б-ны-ми,бо-го-4по-до́б-ны-ми
бо-го-4прї-е́м-на-ѧ,бо-го-4прї-е́м-на-ѧ
бо-го-4прї-ѧ́т-ны-ѧ,бо-го-4прї-ѧ́т-ны-ѧ
бо-го-4про-ти́в-но-е,бо-го-4про-ти́в-но-е
бо-го-4про-ти́в-ны-ѧ,бо-го-4про-ти́в-ны-ѧ
бо-го-4ра-зꙋ́-мї-емъ,бо-го-4ра-зꙋ́-мї-емъ
бо-го-4ра-зꙋ́-мї-ѧ,бо-го-4ра-зꙋ́-мї-ѧ
бо-го-4ро-ди́-тель-ни-це,бо-го-4ро-ди́-тель-ни-це
бо-го-4ро́-ди-ца,бо-го-4ро́-ди-ца
бо-го-4ро́-ди-це,бо-го-4ро́-ди-це
бо-го-4ро́-ди-цꙋ,бо-го-4ро́-ди-цꙋ
бо-го-4ро́-ди-цы,бо-го-4ро́-ди-цы
бо-го-4ро́-ди-цѣ,бо-го-4ро́-ди-цѣ
бо-го-4ро́-ди-ченъ,бо-го-4ро́-ди-ченъ
бо-го-4ро́-ди-чо,бо-го-4ро́-ди-чо
бо-го-4сло́-вив-шы-ѧ,бо-го-4сло́-вив-шы-ѧ
бо-го-4сло́-вї-е,бо-го-4сло́-вї-е
бо-го-4сло́-вѡвъ,бо-го-4сло́-вѡвъ
бо-го-4сло́-вѧ-ща,бо-го-4сло́-вѧ-ща
бо-го-4сло́-вѧ-ще,бо-го-4сло́-вѧ-ще
бо-го-4ꙋ-го́д-нѡ,бо-го-4ꙋ-го́д-нѡ
бо-го-4хра-ни́-ми,бо-го-4хра-ни́-ми
бо-го-4че-сти́-вї-и,бо-го-4че-сти́-вї-и
бо-го-4че-сти̑-вымъ,бо-го-4че-сти̑-вымъ
бо-го-4че́-стї-ѧ,бо-го-4че́-стї-ѧ
бо-го-4ѧв-ле́-нї-ѧ,бо-го-4ѧв-ле́-нї-ѧ
бо-го-4ѧв-ле́н-нѣ,бо-го-4ѧв-ле́н-нѣ
бо-гѡ́въ,бо-гѡ́въ
бо́-гомъ,бо́-гомъ
бо-гѡ́мъ,бо-гѡ́мъ
бо́-гꙋ,бо́-гꙋ
бо́гъ,бо́гъ
бо́-дрен-нѡ,бо́-дрен-нѡ
бо́-дрен-ны-ми,бо́-дрен-ны-ми
бо́-дрость,бо́-дрость
бо́-же,бо́-же
бо́-же-ства,бо́-же-ства
бо-же-ства́,бо-же-ства́
бо-же-ства̀,бо-же-ства̀
бо-же́-ствен-на-гѡ,бо-же́-ствен-на-гѡ
бо-же́-ствен-на-ѧ,бо-же́-ствен-на-ѧ
бо-же́-ствєн-на-ѧ,бо-же́-ствєн-на-ѧ
бо-же́-ствен-нї-и,бо-же́-ствен-нї-и
бо-же́-ствен-но-е,бо-же́-ствен-но-е
бо-же́-ствен-но-мꙋ,бо-же́-ствен-но-мꙋ
бо-же́-ствен-номъ,бо-же́-ствен-номъ
бо-же́-ствен-но-ю,бо-же́-ствен-но-ю
бо-же́-ствен-нꙋ-ю,бо-же́-ствен-нꙋ-ю
бо-же́-ствен-ный,бо-же́-ствен-ный
бо-же́-ствен-ны-ми,бо-же́-ствен-ны-ми
бо-же́-ствен-нымъ,бо-же́-ствен-нымъ
бо-же́-ствєн-нымъ,бо-же́-ствєн-нымъ
бо-жє́-ствен-нымъ,бо-жє́-ствен-нымъ
бо-же́-ствен-ныхъ,бо-же́-ствен-ныхъ
бо-же́-ствен-ны-ѧ,бо-же́-ствен-ны-ѧ
бо-же́-ствен-нѣ,бо-же́-ствен-нѣ
бо-же́-ствен-нѣй,бо-же́-ствен-нѣй
бо-же́-ствен-нѣй-шїй,бо-же́-ствен-нѣй-шїй
бо-же-ство̀,бо-же-ство̀
бо-же-ство́мъ,бо-же-ство́мъ
бо́-жї-е,бо́-жї-е
бо́-жї-е-ю,бо́-жї-е-ю
бо́-жї-и,бо́-жї-и
бо́-жїй,бо́-жїй
бо́-жї-имъ,бо́-жї-имъ
бо́-жї-ихъ,бо́-жї-ихъ
бо́-жї-ю,бо́-жї-ю
бо́-жї-ѧ,бо́-жї-ѧ
бѡ́-жї-ѧ,бѡ́-жї-ѧ
бо́-зи,бо́-зи
бо́-зѣ,бо́-зѣ
бо́й-сѧ,бо́й-сѧ
бо́й-те-сѧ,бо́й-те-сѧ
бо-и́т-сѧ,бо-и́т-сѧ
бо-кꙋ̀,бо-кꙋ̀
бо-ли́тъ,бо-ли́тъ
бо́-лїй,бо́-лїй
боль-ны́хъ,боль-ны́хъ
бо́ль-ша,бо́ль-ша
бѡ́ль-ша,бѡ́ль-ша
бѡ́ль-ша-ѧ,бѡ́ль-ша-ѧ
бо́ль-ше-е,бо́ль-ше-е
бо́ль-ши,бо́ль-ши
бо́ль-шихъ,бо́ль-шихъ
бо́-лѣ-е,бо́-лѣ-е
бо-лѣ́з-ней,бо-лѣ́з-ней
бо-лѣ́з-немъ,бо-лѣ́з-немъ
бо-лѣ́з-нен-нѡ,бо-лѣ́з-нен-нѡ
бо-лѣ́з-нен-ны-ѧ,бо-лѣ́з-нен-ны-ѧ
бо-лѣ́з-нехъ,бо-лѣ́з-нехъ
бо-лѣ́з-ни,бо-лѣ́з-ни
бо-лѣ̑з-ни,бо-лѣ̑з-ни
бѡ-лѣ́з-ни,бѡ-лѣ́з-ни
бо-лѣ́з-нї-ю,бо-лѣ́з-нї-ю
бо-лѣ́знь,бо-лѣ́знь
бо-лѣ́знь-ми,бо-лѣ́знь-ми
бо-лѧ́-ща-го,бо-лѧ́-ща-го
бо-лѧ́-щихъ,бо-лѧ́-щихъ
бо-лѧ́-щї-и,бо-лѧ́-щї-и
бо-лѧ́-щымъ,бо-лѧ́-щымъ
бо-лѧ́-щы-ѧ,бо-лѧ́-щы-ѧ
бо-ре́-нї-ю,бо-ре́-нї-ю
бо-рє́-нї-ѧ,бо-рє́-нї-ѧ
бо-ри́-мый,бо-ри́-мый
бо-ри́-мыхъ,бо-ри́-мыхъ
бо-ри́-са,бо-ри́-са
бо-ри́-те-лѧ,бо-ри́-те-лѧ
бор-ца̀,бор-ца̀
бо́-рютъ,бо́-рютъ
бо-рю́-щы-ѧ,бо-рю́-щы-ѧ
бо-ю́-сѧ,бо-ю́-сѧ
бо-ѧ́з-ни,бо-ѧ́з-ни
бо-ѧ́знь,бо-ѧ́знь
бо-ѧ́й-сѧ,бо-ѧ́й-сѧ
бо-ѧ́-сѧ,бо-ѧ́-сѧ
бо-ѧ́-ти-сѧ,бо-ѧ́-ти-сѧ
бо-ѧ́-ще-сѧ,бо-ѧ́-ще-сѧ
бо-ѧ́-щих-сѧ,бо-ѧ́-щих-сѧ
бо-ѧ́-щї-и-сѧ,бо-ѧ́-щї-и-сѧ
бо-ѧ́-щым-сѧ,бо-ѧ́-щым-сѧ
браз-ды̑,браз-ды̑
бра-зі́-лї-а,бра-зі́-лї-а
бра-зі́ль-ска-гѡ,бра-зі́ль-ска-гѡ
бра-зі̑ль-ска-ѧ,бра-зі̑ль-ска-ѧ
бра-зі́ль-скихъ,бра-зі́ль-скихъ
бра-зі́ль-скїй,бра-зі́ль-скїй
бра-зі́ль-стї-и,бра-зі́ль-стї-и
бра́-ка,бра́-ка
бра́къ,бра́къ
бра́-ней,бра́-ней
бра́-немъ,бра́-немъ
бра́-нехъ,бра́-нехъ
бра-нє́хъ,бра-нє́хъ
бра́-ни,бра́-ни
бра̑-ни,бра̑-ни
бра́нь,бра́нь
бра-нѣ́хъ,бра-нѣ́хъ
бра́-та,бра́-та
бра́-те,бра́-те
бра́-тї-е,бра́-тї-е
бра́-тї-е-ю,бра́-тї-е-ю
бра́-тї-и,бра́-тї-и
бра́-тї-ю,бра́-тї-ю
бра́-тї-ѧ,бра́-тї-ѧ
бра́-тї-ѧмъ,бра́-тї-ѧмъ
бра́-тї-ѧхъ,бра́-тї-ѧхъ
бра́-тꙋ,бра́-тꙋ
бра́тъ,бра́тъ
бра́-шенъ,бра́-шенъ
бра́ш-на,бра́ш-на
бра̑ш-на,бра̑ш-на
бра́ш-но,бра́ш-но
бре́-мѧ,бре́-мѧ
бре́-нї-е,бре́-нї-е
бре́-нї-ѧ,бре́-нї-ѧ
бро-нѧ̀,бро-нѧ̀
брѧ-ца́-ѧ,брѧ-ца́-ѧ
бꙋ́-демъ,бꙋ́-демъ
бꙋ́-де-та,бꙋ́-де-та
бꙋ́-де-те,бꙋ́-де-те
бꙋ́-детъ,бꙋ́-детъ
бꙋ́-де-ши,бꙋ́-де-ши
бꙋ́-ди,бꙋ́-ди
бꙋ́-ди-те,бꙋ́-ди-те
бꙋ́-дꙋ,бꙋ́-дꙋ
бꙋ́-дꙋтъ,бꙋ́-дꙋтъ
бꙋ́-дꙋ-ща-гѡ,бꙋ́-дꙋ-ща-гѡ
бꙋ̑-дꙋ-ща-ѧ,бꙋ̑-дꙋ-ща-ѧ
бꙋ́-дꙋ-ще-е,бꙋ́-дꙋ-ще-е
бꙋ́-дꙋ-щемъ,бꙋ́-дꙋ-щемъ
бꙋ́-дꙋ-щихъ,бꙋ́-дꙋ-щихъ
бꙋ́-дꙋ-щї-ѧ,бꙋ́-дꙋ-щї-ѧ
бꙋ́-дꙋ-щꙋ-ю,бꙋ́-дꙋ-щꙋ-ю
бꙋ́й-ство,бꙋ́й-ство
бꙋ́-ре-ю,бꙋ́-ре-ю
бꙋ́-ри,бꙋ́-ри
бꙋ́-рю,бꙋ́-рю
бꙋ́-рѧ,бꙋ́-рѧ
бы,бы
бы-ва́-є-ма-ѧ,бы-ва́-є-ма-ѧ
бы-ва́-емъ,бы-ва́-емъ
бы-ва́-етъ,бы-ва́-етъ
бы-ва́-е-ши,бы-ва́-е-ши
бы-ва́й-те,бы-ва́й-те
бы-ва́-ти,бы-ва́-ти
бы-ва́-хꙋ,бы-ва́-хꙋ
бы-ва́-ше,бы-ва́-ше
бы-ва́-ютъ,бы-ва́-ютъ
бы-ва̑-ю-ща-ѧ,бы-ва̑-ю-ща-ѧ
бы-ва́-ѧ,бы-ва́-ѧ
бы́в-ша,бы́в-ша
бы́в-ша-гѡ,бы́в-ша-гѡ
бы̑в-ша-ѧ,бы̑в-ша-ѧ
бы́в-ше,бы́в-ше
бы́в-ше-е,бы́в-ше-е
бы́в-шей,бы́в-шей
бы́в-ше-мꙋ,бы́в-ше-мꙋ
бы́в-шемъ,бы́в-шемъ
бы́в-ши,бы́в-ши
бы́в-шихъ,бы́в-шихъ
бы́в-шꙋ,бы́в-шꙋ
бы́в-шꙋ-ю,бы́в-шꙋ-ю
бы́в-шымъ,бы́в-шымъ
бы́в-шы-ѧ,бы́в-шы-ѧ
бы́въ,бы́въ
бы́-вый,бы́-вый
бы-ла̀,бы-ла̀
бы́-ли,бы́-ли
бы́-лї-е,бы́-лї-е
бы́-ло,бы́-ло
бы́лъ,бы́лъ
бы́-сте,бы́-сте
бы́сть,бы́сть
бы́-ти,бы́-ти
бы-тї-ѐ,бы-тї-ѐ
бы-тї-ѧ̀,бы-тї-ѧ̀
бы́ть,бы́ть
бы́-хомъ,бы́-хомъ
бы́хъ,бы́хъ
бы́-ша,бы́-ша
бѣ,бѣ
бѣ̀,бѣ̀
бѣ́-га-етъ,бѣ́-га-етъ
бѣ́-гай,бѣ́-гай
бѣ́-га-ѧ,бѣ́-га-ѧ
бѣ-гле-ца̀,бѣ-гле-ца̀
бѣ́г-ство,бѣ́г-ство
бѣ-да́хъ,бѣ-да́хъ
бѣ́д-ствꙋ-ю-щымъ,бѣ́д-ствꙋ-ю-щымъ
бѣ́д-ствꙋ-ю-щы-ѧ,бѣ́д-ствꙋ-ю-щы-ѧ
бѣ-дꙋ̀,бѣ-дꙋ̀
бѣ́дъ,бѣ́дъ
бѣ-ды̀,бѣ-ды̀
бѣ-ды̑,бѣ-ды̑
бѣ-жа́-ти,бѣ-жа́-ти
бѣ-жа́-ша,бѣ-жа́-ша
бѣ-жа́-ща-го,бѣ-жа́-ща-го
бѣ-жѝ,бѣ-жѝ
бѣ-жи́мъ,бѣ-жи́мъ
бѣ́-ла-ѧ,бѣ́-ла-ѧ
бѣ-ло-3рꙋ́с-ска-гѡ,бѣ-ло-3рꙋ́с-ска-гѡ
бѣ-ло-3рꙋ̑с-ска-ѧ,бѣ-ло-3рꙋ̑с-ска-ѧ
бѣ-ло-3рꙋ́с-скихъ,бѣ-ло-3рꙋ́с-скихъ
бѣ-ло-3рꙋ́с-скїй,бѣ-ло-3рꙋ́с-скїй
бѣ-ло-3рꙋ́с-стї-и,бѣ-ло-3рꙋ́с-стї-и
бѣ́-са,бѣ́-са
бѣ́-си,бѣ́-си
бѣ́-со-ве,бѣ́-со-ве
бѣ-со́в-ска-гѡ,бѣ-со́в-ска-гѡ
бѣ-сѡ́в-ска-ѧ,бѣ-сѡ́в-ска-ѧ
бѣ-со́в-ски-ми,бѣ-со́в-ски-ми
бѣ-со́в-скихъ,бѣ-со́в-скихъ
бѣ-со́в-скї-ѧ,бѣ-со́в-скї-ѧ
бѣ-со́в-скꙋ-ю,бѣ-со́в-скꙋ-ю
бѣ-сѡ́въ,бѣ-сѡ́въ
бѣ-сѡ́мъ,бѣ-сѡ́мъ
бѣ́-ста,бѣ́-ста
бѣ́-сте,бѣ́-сте
бѣ́съ,бѣ́съ
бѣ́-сы,бѣ́-сы
бѣ́-хомъ,бѣ́-хомъ
бѣ́-хꙋ,бѣ́-хꙋ
бѣ́хъ,бѣ́хъ
бѣ́-ша,бѣ́-ша
бѧ́-хꙋ,бѧ́-хꙋ
бѧ́-ше,бѧ́-ше
